ID,default_payment_next_month
10178,0.0
5304,0.0
5187,0.0
14495,0.0
20444,0.0
17667,0.0
21211,0.0
7178,0.0
20783,0.0
24033,0.0
754,0.0
23732,0.0
6072,0.0
17662,0.0
5541,0.0
22697,0.0
29905,0.0
6695,0.0
12664,1.0
15392,0.0
309,1.0
16129,0.0
6324,0.0
23673,0.0
28889,0.0
17687,0.0
27129,0.0
8487,0.0
10304,0.0
14991,0.0
8380,0.0
17401,0.0
15805,0.0
17839,0.0
24324,0.0
5925,0.0
11137,0.0
9991,0.0
6622,0.0
17112,0.0
7694,0.0
23055,0.0
19684,0.0
26520,0.0
8633,0.0
15602,0.0
21244,0.0
9804,0.0
24276,0.0
11723,0.0
23656,0.0
9047,0.0
9246,0.0
650,1.0
4330,0.0
27006,0.0
6766,0.0
14481,0.0
18262,0.0
22076,0.0
24238,0.0
12731,0.0
2226,0.0
17380,0.0
22072,0.0
27390,0.0
19619,0.0
12919,0.0
6537,0.0
24342,1.0
772,0.0
12966,0.0
18832,0.0
9347,0.0
29171,0.0
18604,0.0
25368,0.0
14414,0.0
4515,0.0
27668,0.0
20039,0.0
28604,1.0
19283,0.0
29592,0.0
5952,0.0
14746,0.0
8135,1.0
936,0.0
15106,0.0
13717,0.0
15431,0.0
12176,0.0
26616,1.0
6585,0.0
13415,0.0
28033,1.0
18775,0.0
22414,0.0
13628,0.0
4437,0.0
14083,0.0
6745,0.0
11214,0.0
1200,0.0
24915,0.0
15317,1.0
25130,0.0
21497,0.0
2432,1.0
4312,0.0
3390,1.0
20785,0.0
12516,0.0
17228,0.0
1845,0.0
13834,0.0
2290,0.0
21988,0.0
10445,0.0
11991,0.0
6818,0.0
19525,0.0
12878,0.0
15762,0.0
21397,0.0
13127,0.0
25072,1.0
3227,0.0
7260,0.0
4366,0.0
2185,0.0
14132,0.0
10094,0.0
6815,0.0
10788,0.0
7364,0.0
28316,0.0
23427,0.0
21496,0.0
4802,0.0
23522,0.0
28206,0.0
21212,0.0
12017,0.0
3081,0.0
20225,1.0
23735,0.0
28396,0.0
12618,0.0
21897,0.0
26866,0.0
16713,0.0
3319,0.0
1177,0.0
3511,0.0
29192,0.0
3229,0.0
28167,0.0
17445,0.0
13853,0.0
26977,0.0
16572,1.0
4969,0.0
10276,0.0
18699,0.0
24230,1.0
14127,0.0
15285,0.0
9057,0.0
314,0.0
7726,0.0
5723,0.0
9072,0.0
14107,0.0
145,0.0
24423,1.0
22725,1.0
20076,0.0
8284,0.0
8913,0.0
6326,0.0
13918,0.0
2020,1.0
8805,0.0
18822,1.0
20055,0.0
1254,0.0
10785,1.0
18392,0.0
6679,0.0
2433,1.0
17303,0.0
23846,0.0
12631,0.0
16250,0.0
26577,0.0
18831,0.0
14697,0.0
20765,0.0
26177,0.0
29311,0.0
24408,0.0
6383,0.0
20685,1.0
3809,0.0
21273,0.0
18934,0.0
14851,0.0
15039,0.0
28924,0.0
20323,0.0
4159,0.0
23311,0.0
18500,0.0
12312,0.0
5176,0.0
29809,0.0
8224,1.0
26644,1.0
21569,1.0
3908,0.0
14974,1.0
19720,0.0
13244,0.0
18037,0.0
29716,0.0
6784,0.0
3110,0.0
26797,0.0
29080,0.0
19229,0.0
16329,0.0
13004,0.0
25354,0.0
7464,0.0
7911,0.0
15409,0.0
20893,1.0
10835,0.0
21892,0.0
25921,0.0
26056,0.0
26809,0.0
13321,0.0
17387,0.0
21143,0.0
213,0.0
19401,0.0
19504,0.0
5788,0.0
18353,0.0
2683,0.0
2159,0.0
899,0.0
10693,0.0
23451,0.0
18539,0.0
4715,0.0
9989,0.0
12692,0.0
12160,0.0
10603,0.0
13458,0.0
5694,0.0
2888,0.0
29839,0.0
7413,0.0
21942,0.0
9221,0.0
20226,0.0
2883,0.0
14234,0.0
13370,1.0
2446,0.0
6214,0.0
6431,0.0
19417,0.0
15768,0.0
7945,0.0
1286,0.0
15942,1.0
6508,0.0
23485,0.0
23138,0.0
26282,0.0
5028,0.0
24578,0.0
12846,1.0
23194,0.0
15680,0.0
11623,0.0
304,0.0
7304,0.0
3448,0.0
28975,1.0
25985,0.0
29680,0.0
1043,0.0
28212,0.0
5098,0.0
17148,0.0
26345,0.0
28029,0.0
16256,0.0
22932,0.0
17648,0.0
13904,0.0
14574,0.0
7731,0.0
2694,0.0
14342,0.0
9339,0.0
19614,0.0
3209,0.0
11420,0.0
6280,0.0
13347,0.0
22568,0.0
22426,0.0
27103,0.0
28811,0.0
27614,0.0
17094,0.0
8391,1.0
14918,0.0
18374,0.0
24387,0.0
5525,0.0
29090,0.0
11319,0.0
19054,0.0
20881,0.0
13047,0.0
8339,0.0
8866,0.0
8966,0.0
24917,0.0
24622,0.0
7525,0.0
23942,0.0
8918,0.0
2751,0.0
24940,0.0
12726,0.0
23993,0.0
10175,0.0
14554,0.0
6442,0.0
14666,0.0
18743,0.0
12144,0.0
25599,0.0
27155,1.0
11265,0.0
26947,0.0
25937,0.0
20353,0.0
11634,0.0
28096,0.0
19067,0.0
18946,0.0
25215,0.0
5430,0.0
24433,0.0
29306,0.0
20713,0.0
16168,0.0
4038,0.0
16618,0.0
10706,0.0
17714,0.0
23060,0.0
28099,0.0
19158,0.0
16577,1.0
18448,0.0
18991,0.0
2307,0.0
13025,0.0
26861,0.0
11334,0.0
25761,0.0
8240,0.0
20962,1.0
12873,0.0
6196,0.0
18890,0.0
11239,0.0
25073,0.0
16475,0.0
28874,0.0
12850,0.0
6336,0.0
18737,0.0
29149,0.0
11545,0.0
14044,0.0
6390,0.0
22097,0.0
7515,0.0
9284,1.0
28254,0.0
12428,0.0
12832,1.0
13034,0.0
10658,0.0
29479,0.0
10053,0.0
4266,0.0
18526,0.0
19999,0.0
2527,0.0
29189,0.0
18321,0.0
11724,0.0
10898,0.0
22944,0.0
17035,0.0
3120,0.0
10269,0.0
24595,0.0
22758,0.0
12378,0.0
8775,0.0
15093,0.0
26474,0.0
16827,0.0
16201,0.0
21709,0.0
22681,0.0
20306,0.0
4414,0.0
25408,0.0
6107,0.0
13480,1.0
14147,0.0
11558,0.0
16019,0.0
28778,0.0
26792,0.0
23923,0.0
7252,0.0
13779,1.0
12030,0.0
25121,0.0
8196,0.0
11353,0.0
21112,0.0
26842,0.0
27705,0.0
5556,0.0
25388,1.0
6696,0.0
23596,0.0
27455,0.0
7675,0.0
25532,0.0
14328,0.0
2365,0.0
15954,0.0
2508,0.0
5125,0.0
4652,0.0
20786,0.0
14561,0.0
14607,0.0
27918,0.0
26501,1.0
9877,0.0
4979,0.0
23354,0.0
21406,0.0
21135,0.0
22004,0.0
5808,0.0
25719,0.0
4320,0.0
13267,0.0
16591,0.0
27663,0.0
20130,0.0
14669,0.0
2014,0.0
26039,0.0
20160,0.0
4483,0.0
16716,0.0
10020,0.0
3373,0.0
7203,0.0
18089,0.0
12036,1.0
14795,0.0
17211,0.0
9319,1.0
5011,0.0
24188,0.0
26689,0.0
8491,0.0
28752,0.0
22092,0.0
24307,0.0
21826,0.0
14272,0.0
27609,0.0
16810,0.0
16052,0.0
23428,0.0
17002,0.0
3593,1.0
7299,0.0
13655,0.0
26722,0.0
27897,0.0
14690,0.0
13946,0.0
18088,0.0
24493,0.0
23423,0.0
3544,0.0
21238,0.0
14415,0.0
21776,0.0
746,0.0
964,0.0
12573,0.0
1119,0.0
24894,0.0
21855,0.0
23988,0.0
3640,0.0
26538,0.0
20036,0.0
22454,0.0
8403,0.0
11704,0.0
9524,0.0
13982,0.0
13331,0.0
26961,0.0
27119,0.0
2844,1.0
27690,0.0
28157,0.0
6478,0.0
24766,1.0
2989,0.0
1662,0.0
22734,0.0
27096,0.0
21646,0.0
24197,0.0
27983,0.0
28471,0.0
20835,0.0
7139,0.0
8039,0.0
25442,0.0
7372,0.0
17338,0.0
16644,0.0
26236,0.0
16612,0.0
29075,0.0
22962,0.0
16232,0.0
1325,0.0
13368,0.0
6564,0.0
16291,0.0
5536,0.0
27721,0.0
26363,0.0
9580,0.0
21320,0.0
7649,0.0
5274,0.0
4072,0.0
28612,1.0
11241,0.0
1135,0.0
23543,0.0
10512,0.0
23925,0.0
29641,0.0
21365,0.0
16204,0.0
18028,0.0
3695,1.0
28042,0.0
2878,0.0
19837,0.0
7120,0.0
24793,0.0
231,0.0
28009,0.0
17188,0.0
476,0.0
18432,0.0
8309,0.0
13881,0.0
11501,0.0
14227,0.0
19452,0.0
21315,0.0
24633,0.0
18903,0.0
28934,0.0
12633,0.0
3780,0.0
478,0.0
7917,0.0
5904,0.0
14649,0.0
12806,0.0
12496,1.0
3501,1.0
23998,0.0
18014,0.0
9497,0.0
26439,0.0
12553,0.0
9671,0.0
2305,0.0
20194,0.0
5270,0.0
11553,0.0
22256,0.0
23168,0.0
3455,1.0
919,0.0
17481,0.0
25850,0.0
647,0.0
3299,0.0
4431,0.0
19134,0.0
23285,0.0
26740,0.0
9287,1.0
25744,1.0
5014,0.0
28395,0.0
12562,0.0
15997,0.0
26360,0.0
4734,0.0
26798,0.0
23660,0.0
28530,0.0
20185,0.0
12114,0.0
4133,0.0
6525,0.0
6292,0.0
2139,0.0
4611,0.0
25208,0.0
10478,0.0
9942,0.0
3297,0.0
20745,0.0
2930,0.0
18747,0.0
1878,0.0
22226,0.0
17085,0.0
6596,1.0
29855,0.0
17722,0.0
25981,0.0
9599,0.0
19200,0.0
21015,0.0
13263,1.0
8825,0.0
19002,0.0
11522,0.0
11994,1.0
6077,1.0
1918,0.0
14086,0.0
10800,0.0
959,0.0
14932,0.0
19461,0.0
22783,0.0
29950,0.0
13637,0.0
8305,0.0
26152,0.0
8806,0.0
15649,0.0
16706,0.0
17182,0.0
6053,0.0
22514,0.0
29370,0.0
22182,0.0
14335,0.0
6961,0.0
4105,1.0
16780,0.0
2847,0.0
18869,0.0
19080,0.0
18952,1.0
15647,0.0
19570,0.0
751,0.0
7420,0.0
15228,0.0
19775,0.0
21741,1.0
20218,0.0
23418,0.0
23655,0.0
5386,0.0
27091,0.0
23555,0.0
108,0.0
12164,0.0
7088,0.0
20708,0.0
8466,0.0
19834,0.0
29874,0.0
24823,0.0
21428,1.0
13203,0.0
10092,1.0
7121,0.0
4416,0.0
26532,0.0
23924,0.0
23137,0.0
10810,0.0
8580,0.0
6023,0.0
21269,0.0
9401,0.0
16389,0.0
12149,0.0
25065,0.0
7588,0.0
10341,0.0
7010,0.0
27105,0.0
17922,1.0
23154,0.0
8017,1.0
10757,0.0
20427,0.0
6105,0.0
2964,1.0
12451,0.0
1054,0.0
15016,0.0
23446,0.0
6378,0.0
2312,0.0
15591,0.0
6938,1.0
21584,0.0
4279,0.0
26794,0.0
10194,0.0
11879,0.0
4589,1.0
24979,0.0
4147,0.0
19289,0.0
28346,0.0
135,0.0
29606,0.0
474,0.0
26950,0.0
14650,1.0
25279,0.0
1593,0.0
15874,0.0
29219,0.0
25422,0.0
9916,0.0
22494,0.0
24982,0.0
27159,0.0
9966,0.0
15709,0.0
10318,0.0
3585,0.0
18595,0.0
17271,0.0
17733,0.0
9613,0.0
10999,0.0
16966,0.0
23386,0.0
16962,0.0
16069,0.0
23542,0.0
11668,0.0
17950,0.0
29187,0.0
685,0.0
19606,0.0
24930,0.0
21962,0.0
2728,0.0
20200,0.0
1843,0.0
1257,0.0
6854,0.0
28562,0.0
640,0.0
9650,0.0
7104,0.0
24691,0.0
19143,0.0
4380,0.0
25998,0.0
22034,0.0
18170,1.0
25405,0.0
1444,0.0
23688,1.0
11041,0.0
4980,0.0
13394,0.0
4753,0.0
15061,1.0
26738,0.0
10121,1.0
7004,0.0
25595,0.0
26942,0.0
16312,0.0
25330,0.0
1281,0.0
719,0.0
12068,0.0
29923,0.0
27342,0.0
29452,0.0
4488,0.0
10043,1.0
24807,0.0
15516,0.0
6142,0.0
29436,0.0
29533,0.0
16681,0.0
28798,0.0
18464,0.0
6950,0.0
10045,0.0
12517,0.0
18147,0.0
17088,0.0
1151,0.0
28648,0.0
20946,0.0
14281,1.0
976,0.0
180,0.0
28218,0.0
26573,0.0
5812,0.0
22239,0.0
21868,0.0
28467,0.0
9587,0.0
17721,0.0
28506,0.0
7224,0.0
24289,0.0
18846,0.0
8577,0.0
17061,0.0
6797,0.0
14140,1.0
967,0.0
21272,0.0
21888,0.0
25481,0.0
24492,0.0
6249,0.0
7197,0.0
24920,0.0
23956,0.0
11822,0.0
2745,0.0
3378,0.0
13545,0.0
4310,0.0
16230,0.0
10995,0.0
1841,0.0
18390,0.0
22825,0.0
3195,0.0
4577,0.0
18707,0.0
24485,0.0
14703,0.0
27946,0.0
821,0.0
14862,1.0
7006,0.0
23263,0.0
12288,0.0
2916,0.0
16370,0.0
14691,0.0
11324,0.0
16484,0.0
19284,0.0
6149,0.0
7732,0.0
210,0.0
5583,0.0
6144,0.0
2416,0.0
20986,0.0
20902,0.0
12727,0.0
14702,0.0
15007,0.0
19644,0.0
29717,0.0
24089,0.0
24803,0.0
10863,0.0
9860,0.0
9054,0.0
28054,0.0
29437,0.0
16374,0.0
21740,1.0
22887,0.0
8333,0.0
19366,0.0
22985,0.0
26885,0.0
22769,0.0
25897,0.0
28832,0.0
23119,0.0
13062,0.0
15463,0.0
25365,0.0
14742,0.0
652,0.0
3051,0.0
16040,1.0
1234,0.0
14351,0.0
22904,0.0
23280,0.0
23648,0.0
10401,0.0
12461,0.0
2670,0.0
19758,0.0
21638,0.0
15485,0.0
10425,1.0
23352,0.0
29065,1.0
16134,0.0
10009,0.0
26390,0.0
25053,0.0
11276,0.0
13554,0.0
9219,0.0
872,0.0
13098,0.0
13728,0.0
2383,0.0
1825,0.0
23170,1.0
23165,0.0
24302,0.0
2394,0.0
3964,1.0
25791,0.0
24049,0.0
5434,0.0
10678,0.0
28107,0.0
11273,1.0
20677,0.0
16171,0.0
29759,0.0
18492,0.0
15053,0.0
12964,1.0
13078,0.0
22086,0.0
18515,0.0
26228,0.0
11807,0.0
11399,0.0
851,0.0
25527,0.0
12849,0.0
24347,0.0
29242,0.0
311,0.0
20701,0.0
6666,0.0
287,1.0
17413,0.0
27586,0.0
18424,0.0
11918,0.0
586,0.0
17607,0.0
2197,0.0
1986,0.0
25723,0.0
21846,0.0
6325,0.0
22395,0.0
26078,0.0
4738,0.0
2472,1.0
23926,0.0
1665,0.0
22409,0.0
28110,0.0
23546,0.0
4992,0.0
24366,0.0
23007,0.0
23793,0.0
13100,0.0
6612,0.0
16467,0.0
29134,0.0
9039,0.0
16599,0.0
26580,1.0
28021,1.0
17923,0.0
2224,0.0
5545,0.0
11984,0.0
25375,0.0
16941,0.0
11130,0.0
22847,0.0
25345,0.0
10309,0.0
25482,0.0
154,0.0
28914,0.0
17815,0.0
5256,0.0
24105,0.0
29401,0.0
16180,0.0
12377,0.0
9468,0.0
11650,0.0
3618,0.0
8336,0.0
15453,0.0
25603,0.0
773,0.0
18347,0.0
12782,0.0
10489,0.0
19905,0.0
3948,0.0
26965,0.0
1508,0.0
14257,0.0
4968,0.0
27995,0.0
3111,0.0
874,0.0
15883,0.0
2982,0.0
25910,0.0
28327,0.0
1759,0.0
9906,0.0
28461,0.0
24544,0.0
18838,0.0
25796,0.0
13980,0.0
29331,0.0
10594,0.0
1643,0.0
16344,0.0
6020,0.0
9290,0.0
15461,0.0
10668,0.0
5330,0.0
1681,0.0
694,0.0
453,0.0
8734,0.0
12247,0.0
16778,0.0
10560,0.0
1498,0.0
11309,0.0
5414,0.0
23196,0.0
9875,0.0
27114,0.0
5142,0.0
6931,0.0
22095,1.0
2784,0.0
20496,0.0
13481,0.0
19333,0.0
28000,0.0
28038,0.0
2704,0.0
21004,0.0
20338,1.0
10662,0.0
25697,0.0
3302,0.0
29532,0.0
2724,0.0
7747,0.0
25281,0.0
17558,0.0
20841,0.0
19160,0.0
4168,0.0
4632,0.0
8428,0.0
5959,0.0
15122,0.0
29542,0.0
21392,0.0
19220,0.0
832,1.0
27835,0.0
19633,0.0
27889,0.0
4191,0.0
17677,0.0
10272,0.0
15882,0.0
16664,0.0
20659,0.0
23216,1.0
23474,0.0
3330,0.0
11421,0.0
1809,0.0
6310,0.0
27487,0.0
6605,0.0
20585,0.0
23483,0.0
2067,0.0
5329,0.0
18360,0.0
16798,0.0
2493,0.0
23379,0.0
23525,0.0
12936,1.0
13630,0.0
17625,0.0
21509,1.0
8398,0.0
4367,1.0
593,0.0
22101,0.0
20265,0.0
6106,0.0
15544,0.0
29077,0.0
21995,0.0
2279,1.0
28022,0.0
20880,0.0
27581,1.0
1784,0.0
12539,0.0
3284,0.0
412,0.0
7268,0.0
4875,0.0
22354,0.0
21140,0.0
26112,0.0
12267,0.0
16746,0.0
132,0.0
27289,0.0
4384,0.0
4453,0.0
9312,0.0
331,0.0
21516,0.0
11311,0.0
24297,0.0
16313,0.0
3788,0.0
18194,1.0
15983,0.0
28398,0.0
19815,1.0
29054,0.0
109,0.0
17524,0.0
27348,0.0
987,0.0
24958,0.0
22235,0.0
16825,0.0
28927,0.0
6368,0.0
1009,0.0
18798,0.0
8341,1.0
18726,1.0
14135,0.0
217,0.0
21832,0.0
8469,1.0
23832,0.0
17719,0.0
1522,1.0
9519,0.0
12457,0.0
22658,0.0
9395,0.0
20378,1.0
3560,0.0
24636,0.0
24155,1.0
17442,0.0
12734,0.0
17161,0.0
3509,0.0
22284,0.0
26404,0.0
25699,0.0
4890,0.0
11673,0.0
3117,0.0
3100,0.0
22755,0.0
3416,0.0
20833,0.0
7202,0.0
4237,0.0
12059,0.0
8787,0.0
26633,0.0
19347,0.0
26758,0.0
16916,0.0
850,0.0
15081,0.0
21324,0.0
9227,0.0
26019,0.0
21602,0.0
22056,0.0
28019,0.0
29139,1.0
13954,0.0
21910,0.0
22632,0.0
23661,0.0
29445,0.0
20799,0.0
9406,0.0
14600,0.0
23426,0.0
28931,0.0
18105,0.0
2629,0.0
1510,1.0
17822,0.0
22304,0.0
3268,0.0
4349,0.0
8322,0.0
11437,1.0
23713,0.0
14375,0.0
14154,0.0
347,0.0
24429,0.0
5768,0.0
15138,0.0
14941,0.0
17723,0.0
17318,0.0
4274,0.0
17968,0.0
29684,0.0
10652,0.0
23920,1.0
7357,0.0
8947,0.0
27177,0.0
11743,0.0
15179,0.0
29130,0.0
3656,0.0
14713,0.0
15865,0.0
16543,1.0
29622,0.0
22195,0.0
20411,0.0
5757,1.0
3469,0.0
4496,0.0
17912,0.0
28915,0.0
3612,0.0
9112,0.0
15086,0.0
14250,0.0
6153,0.0
5805,0.0
5129,0.0
23301,0.0
1832,0.0
10752,0.0
10243,0.0
24697,0.0
15688,0.0
15675,0.0
24351,1.0
28981,0.0
7719,0.0
12356,0.0
27761,0.0
27932,0.0
11358,0.0
13048,0.0
6661,0.0
24496,0.0
17451,0.0
1626,1.0
22458,0.0
28194,0.0
17531,0.0
17586,0.0
23563,0.0
27079,0.0
7425,0.0
8784,0.0
1081,0.0
1697,0.0
17504,0.0
12952,0.0
13677,1.0
21774,0.0
14751,0.0
25244,0.0
16504,0.0
9303,0.0
11129,0.0
25475,0.0
20712,0.0
13938,1.0
8504,0.0
27552,0.0
21907,0.0
8956,0.0
4144,1.0
23319,0.0
15539,0.0
24462,0.0
19979,0.0
28859,0.0
16571,0.0
27277,1.0
16734,0.0
24962,0.0
7407,0.0
18897,0.0
11678,0.0
3169,0.0
5669,0.0
8157,0.0
28156,0.0
23665,0.0
28771,0.0
14288,0.0
1958,0.0
14841,0.0
13111,0.0
25282,0.0
20655,0.0
12161,0.0
4219,0.0
18847,0.0
21890,0.0
16943,1.0
19292,0.0
15176,0.0
29720,0.0
19969,0.0
27836,0.0
3090,0.0
5241,0.0
26506,0.0
8288,0.0
15608,0.0
28317,0.0
29579,0.0
4049,0.0
14903,0.0
18512,0.0
25735,0.0
9790,0.0
2860,0.0
27822,0.0
18965,0.0
26248,0.0
15776,0.0
3361,0.0
9696,0.0
3243,0.0
22767,0.0
27860,0.0
27199,0.0
12277,0.0
11411,0.0
19760,0.0
10333,0.0
18833,0.0
24200,0.0
13459,0.0
8177,0.0
17008,0.0
23345,0.0
19177,0.0
25013,0.0
1088,0.0
3242,1.0
20751,0.0
5190,0.0
930,0.0
15472,0.0
20508,0.0
27483,1.0
7452,0.0
5845,0.0
7458,0.0
26372,0.0
12425,0.0
21765,0.0
24300,0.0
22537,1.0
24812,0.0
21031,0.0
531,0.0
18510,0.0
12471,0.0
22707,0.0
13524,0.0
17392,0.0
5731,0.0
26194,0.0
5350,0.0
5275,0.0
4335,0.0
2373,0.0
14845,0.0
3693,0.0
25322,0.0
11110,0.0
14056,0.0
10993,0.0
20422,0.0
13940,0.0
5560,0.0
1526,0.0
10051,0.0
3757,0.0
149,0.0
10219,0.0
19516,0.0
10989,0.0
11569,0.0
24206,0.0
28566,0.0
26183,0.0
17374,0.0
9968,0.0
29962,0.0
18280,0.0
7011,0.0
4929,0.0
11168,0.0
13843,1.0
21284,0.0
14158,0.0
24535,0.0
1734,0.0
18810,0.0
1688,0.0
3342,0.0
9141,0.0
14972,0.0
4550,0.0
12707,0.0
6534,0.0
24458,0.0
11229,0.0
2662,0.0
9538,1.0
28180,0.0
9667,0.0
17772,0.0
23323,0.0
11745,0.0
10027,0.0
17255,1.0
24270,0.0
3601,0.0
10483,0.0
1977,0.0
26508,0.0
27649,0.0
3491,0.0
4090,0.0
21848,1.0
4571,0.0
11696,0.0
12205,0.0
20740,0.0
18886,0.0
24120,0.0
23890,0.0
1287,0.0
5445,1.0
1786,0.0
24163,0.0
14455,0.0
3022,0.0
9540,0.0
1273,0.0
13537,0.0
19853,0.0
11892,0.0
14854,0.0
11155,0.0
25612,0.0
110,0.0
20418,0.0
26650,0.0
27003,0.0
8515,0.0
28113,0.0
1373,1.0
13781,0.0
8703,0.0
14492,0.0
3813,0.0
11861,0.0
7240,1.0
3467,0.0
9210,0.0
26924,0.0
10695,0.0
23573,0.0
4093,1.0
22984,0.0
17847,1.0
24921,0.0
28873,0.0
1355,0.0
26529,0.0
12544,0.0
2760,0.0
29721,0.0
24337,0.0
22796,0.0
6347,0.0
19510,0.0
4542,0.0
6748,0.0
14680,0.0
24906,0.0
14025,0.0
24505,0.0
26641,1.0
29654,0.0
5706,0.0
24199,0.0
16386,0.0
1300,0.0
19499,0.0
18313,0.0
24008,0.0
27934,0.0
7912,1.0
16429,0.0
5107,0.0
3815,0.0
23961,0.0
4867,1.0
3379,1.0
29695,0.0
13678,0.0
17194,0.0
22140,0.0
22566,0.0
9575,0.0
25077,0.0
28579,0.0
520,0.0
6088,0.0
3341,0.0
13469,1.0
17957,0.0
7125,0.0
15292,0.0
20391,0.0
17231,1.0
27325,0.0
3574,0.0
27816,0.0
20977,0.0
19053,0.0
9085,1.0
7016,0.0
9694,0.0
302,0.0
29413,0.0
8076,0.0
24319,0.0
17763,0.0
19469,0.0
26785,1.0
19003,0.0
26601,0.0
15028,0.0
3672,0.0
16973,0.0
7007,0.0
20030,0.0
28684,1.0
20040,0.0
22992,0.0
5067,0.0
13862,0.0
7718,0.0
25563,0.0
7430,0.0
16304,0.0
19127,1.0
13602,0.0
23859,0.0
823,0.0
12111,0.0
10558,0.0
26678,0.0
28103,1.0
24925,0.0
1762,0.0
6648,0.0
9833,1.0
1555,0.0
22116,0.0
13504,0.0
13979,0.0
20501,0.0
23969,1.0
12520,0.0
29798,0.0
19960,0.0
17181,1.0
6083,0.0
22716,0.0
4741,0.0
26599,0.0
18706,1.0
621,0.0
21983,0.0
18801,0.0
23823,0.0
384,0.0
3623,0.0
26547,0.0
9244,0.0
270,1.0
15927,0.0
27026,0.0
519,0.0
27549,0.0
8542,0.0
27075,0.0
23051,0.0
11348,0.0
25467,0.0
29761,0.0
28086,0.0
15434,0.0
3415,0.0
24536,0.0
697,0.0
10917,0.0
21117,0.0
19862,0.0
4198,0.0
26642,0.0
11016,0.0
13559,0.0
28868,0.0
7606,0.0
4398,0.0
19779,0.0
16194,0.0
22051,0.0
21037,0.0
22110,0.0
28399,0.0
25129,0.0
16205,0.0
11782,0.0
19646,0.0
17334,0.0
29198,0.0
20412,0.0
4125,0.0
28732,0.0
27976,0.0
17276,0.0
17071,0.0
29372,0.0
28893,0.0
23200,0.0
19142,0.0
22198,0.0
26839,0.0
2876,0.0
6930,1.0
18298,0.0
5662,0.0
22760,1.0
24007,0.0
11672,1.0
18507,0.0
1605,0.0
20457,0.0
28668,0.0
27903,0.0
6685,0.0
14787,0.0
10133,1.0
19608,0.0
13985,0.0
28281,0.0
1029,0.0
16003,0.0
7802,0.0
11836,0.0
11060,1.0
26485,0.0
22159,0.0
27446,0.0
11525,0.0
6235,0.0
7521,0.0
3447,0.0
8715,0.0
4728,0.0
15478,0.0
26247,0.0
11184,0.0
25845,0.0
20938,0.0
14947,0.0
24494,0.0
18588,0.0
22819,0.0
13547,0.0
5544,0.0
21425,0.0
4260,0.0
19894,0.0
17330,0.0
9075,1.0
21581,0.0
11498,0.0
840,0.0
12120,0.0
18723,0.0
10626,0.0
6005,0.0
27824,0.0
29349,0.0
24004,1.0
3266,0.0
6472,0.0
7840,1.0
8131,0.0
4477,0.0
7366,0.0
11117,0.0
8929,0.0
14886,0.0
24640,0.0
6613,0.0
14237,0.0
16967,0.0
20736,0.0
23206,0.0
17068,0.0
3759,0.0
24851,0.0
25453,0.0
24054,0.0
3018,0.0
28807,0.0
18771,0.0
2634,0.0
27254,0.0
29026,0.0
14031,0.0
14871,0.0
19322,0.0
15127,0.0
16249,0.0
18529,0.0
19296,0.0
20930,0.0
13742,0.0
7531,1.0
7082,0.0
3936,1.0
17283,0.0
22119,0.0
22738,0.0
24294,0.0
8642,0.0
24528,1.0
11601,0.0
29418,0.0
29391,0.0
17751,0.0
4526,0.0
13356,0.0
2220,0.0
15860,0.0
19878,0.0
6852,0.0
5759,0.0
4793,0.0
5192,0.0
22862,0.0
16254,0.0
14984,0.0
14587,0.0
24904,0.0
11185,0.0
13846,0.0
17310,1.0
28935,0.0
21777,0.0
28735,0.0
3822,0.0
11694,0.0
9551,1.0
10325,0.0
10819,1.0
19535,0.0
21311,0.0
3148,0.0
23273,0.0
21839,0.0
18381,1.0
26625,0.0
6338,0.0
5212,1.0
8251,1.0
3458,1.0
28429,0.0
9689,0.0
25428,0.0
28032,0.0
28412,0.0
18145,0.0
17248,1.0
4141,0.0
25884,0.0
3506,0.0
29220,0.0
20515,0.0
16954,1.0
167,0.0
24176,0.0
29613,0.0
15966,0.0
23681,0.0
21849,0.0
29158,0.0
23245,0.0
23150,0.0
22843,0.0
7876,0.0
29014,0.0
9553,0.0
3047,1.0
8744,0.0
28990,0.0
13364,0.0
8019,0.0
20495,1.0
26914,0.0
23892,0.0
20771,1.0
2902,0.0
21271,0.0
27590,0.0
22046,0.0
20318,0.0
16094,0.0
12331,0.0
401,0.0
24954,0.0
13249,0.0
12652,0.0
7874,0.0
14560,0.0
27029,0.0
29833,0.0
2848,0.0
7740,0.0
20983,0.0
9278,0.0
23416,1.0
18057,0.0
27522,0.0
698,0.0
5228,0.0
22471,0.0
1528,0.0
17065,0.0
15191,1.0
221,0.0
9283,0.0
26726,0.0
24936,0.0
25694,0.0
6219,0.0
29114,0.0
25027,0.0
3549,0.0
16376,0.0
12072,0.0
4627,0.0
27698,0.0
18301,0.0
4142,1.0
18228,0.0
25775,0.0
4580,1.0
3963,0.0
18919,1.0
1277,0.0
24001,1.0
3425,0.0
9423,0.0
22496,0.0
22279,0.0
17740,0.0
27667,0.0
17985,0.0
4183,0.0
10029,0.0
29587,0.0
8494,0.0
12704,1.0
2761,0.0
21481,0.0
11773,0.0
2938,0.0
28108,0.0
4684,0.0
1637,0.0
15060,0.0
5947,0.0
7948,0.0
21874,0.0
27109,0.0
10680,0.0
23940,0.0
16646,0.0
17406,0.0
19562,0.0
17197,0.0
9262,0.0
19093,0.0
17899,0.0
28209,0.0
4250,0.0
29417,0.0
7455,0.0
12755,0.0
12688,0.0
16265,0.0
29288,0.0
23105,0.0
24632,0.0
4326,0.0
11632,0.0
17696,0.0
2926,1.0
9722,0.0
28431,0.0
3785,0.0
18459,0.0
4709,0.0
20502,0.0
4037,0.0
24436,0.0
17791,0.0
19648,0.0
15692,0.0
7696,0.0
6470,0.0
10089,0.0
21230,0.0
12699,0.0
12580,0.0
18144,0.0
26476,0.0
2787,0.0
6385,0.0
15252,1.0
5761,0.0
14033,0.0
15208,0.0
13044,0.0
23020,0.0
8540,0.0
21748,0.0
11201,0.0
5250,0.0
19794,0.0
13566,0.0
12742,0.0
14663,0.0
26020,0.0
15119,0.0
3575,0.0
9461,0.0
12766,0.0
11389,0.0
9294,0.0
18546,0.0
21651,0.0
10025,0.0
9894,0.0
20179,0.0
26133,0.0
15627,0.0
4292,0.0
13354,0.0
16132,0.0
11535,0.0
22855,0.0
4690,0.0
15800,0.0
29708,0.0
22368,0.0
24317,0.0
24853,0.0
25711,0.0
20866,0.0
20401,0.0
24879,0.0
26382,0.0
16434,0.0
26187,0.0
12554,0.0
17788,1.0
3294,0.0
10897,0.0
28159,0.0
5179,0.0
810,0.0
1780,0.0
13826,0.0
17517,1.0
4327,0.0
16886,0.0
17736,0.0
19340,0.0
17144,0.0
17707,0.0
10619,0.0
1459,0.0
3577,0.0
19736,0.0
22891,0.0
21487,0.0
8855,0.0
13546,0.0
20974,0.0
13282,0.0
11072,0.0
1110,0.0
24586,0.0
16902,0.0
14099,1.0
14315,1.0
11011,0.0
25988,0.0
12414,0.0
16167,0.0
22836,0.0
18187,0.0
13075,0.0
28233,0.0
17306,0.0
18242,0.0
28411,0.0
6962,0.0
29257,0.0
24441,0.0
18559,0.0
5356,0.0
4056,0.0
17834,0.0
12063,0.0
26906,0.0
1609,0.0
6822,0.0
11983,0.0
2262,0.0
27380,0.0
2562,0.0
14581,0.0
27231,0.0
15479,0.0
1262,0.0
26448,0.0
612,0.0
405,1.0
4804,0.0
7960,0.0
29862,0.0
26036,0.0
21465,1.0
27478,0.0
4721,0.0
28992,0.0
402,0.0
19297,0.0
13426,0.0
7576,0.0
16231,0.0
28943,0.0
24945,0.0
6300,0.0
8141,0.0
23578,0.0
7976,0.0
29029,1.0
22540,0.0
23792,0.0
8648,0.0
22243,0.0
26556,0.0
29703,0.0
452,1.0
14059,0.0
10062,0.0
1853,0.0
2481,0.0
26128,0.0
807,0.0
17753,0.0
11581,0.0
17778,0.0
21506,0.0
11628,0.0
296,0.0
14551,0.0
29367,1.0
20700,0.0
8972,0.0
14785,0.0
6876,1.0
21889,0.0
3300,1.0
16460,0.0
7257,0.0
7867,0.0
24024,0.0
12469,1.0
2861,1.0
21956,0.0
29530,0.0
28961,0.0
11218,0.0
3965,0.0
28509,0.0
14843,0.0
4006,0.0
17274,0.0
16295,0.0
15961,0.0
4837,0.0
102,0.0
21507,0.0
20029,0.0
9053,0.0
12500,0.0
5452,0.0
20618,0.0
14648,0.0
27110,0.0
15728,0.0
26328,0.0
21604,0.0
22178,0.0
15311,0.0
21947,0.0
1005,0.0
18433,1.0
26246,0.0
24177,0.0
5718,1.0
7614,0.0
1586,0.0
24309,0.0
27401,0.0
22418,0.0
26106,0.0
6654,0.0
19436,0.0
9024,0.0
16070,0.0
1976,0.0
17843,1.0
14265,0.0
28906,0.0
64,0.0
18899,0.0
12896,0.0
23123,0.0
7958,0.0
20088,0.0
8502,0.0
5598,0.0
11680,0.0
25857,0.0
27219,0.0
19847,0.0
13572,0.0
14038,0.0
23637,0.0
14291,0.0
21331,0.0
136,0.0
3847,0.0
13775,0.0
27823,0.0
16347,0.0
27099,0.0
1573,0.0
297,0.0
12790,0.0
25185,0.0
24078,0.0
21624,0.0
7000,1.0
1710,0.0
9482,0.0
28448,0.0
21729,0.0
15480,0.0
10761,0.0
13387,0.0
22317,0.0
23187,0.0
10889,0.0
9151,0.0
1311,1.0
24570,0.0
7099,0.0
15245,0.0
17914,0.0
22538,0.0
25419,0.0
8887,0.0
9488,0.0
1970,0.0
20557,0.0
14175,0.0
2157,0.0
12190,0.0
10913,0.0
20091,0.0
25579,0.0
27246,0.0
6182,1.0
27867,0.0
29705,0.0
24041,0.0
21208,0.0
18782,0.0
29175,0.0
73,0.0
24897,0.0
7390,0.0
26954,0.0
24624,0.0
6204,0.0
29553,0.0
19835,1.0
11030,0.0
23861,0.0
18584,0.0
27864,0.0
8051,0.0
27588,0.0
17601,0.0
4543,1.0
26400,0.0
22127,0.0
14493,0.0
13852,0.0
26150,0.0
24136,0.0
23231,0.0
6614,0.0
4557,0.0
29785,0.0
4674,1.0
9548,0.0
140,0.0
4588,0.0
21146,0.0
278,0.0
21613,0.0
18721,1.0
5643,0.0
3122,0.0
27408,0.0
5540,0.0
29511,0.0
13030,0.0
18770,0.0
13079,0.0
28354,0.0
11423,0.0
8641,0.0
11023,0.0
13301,0.0
21547,0.0
8285,0.0
28782,0.0
16724,0.0
27966,0.0
7449,0.0
24190,0.0
27229,0.0
822,0.0
23876,0.0
6419,0.0
5894,0.0
1396,0.0
13591,0.0
22443,0.0
1984,0.0
9103,1.0
10586,0.0
25435,0.0
6948,0.0
14232,0.0
12609,0.0
14387,0.0
15869,0.0
1749,0.0
13315,0.0
21346,0.0
9111,1.0
28671,1.0
8126,0.0
27435,0.0
22408,0.0
131,0.0
8302,0.0
25366,0.0
19174,0.0
10955,0.0
8527,0.0
397,0.0
9079,0.0
9884,0.0
9846,0.0
26831,0.0
29552,0.0
13861,0.0
9525,0.0
5716,0.0
22381,0.0
21452,0.0
2426,0.0
14275,0.0
12684,0.0
29774,0.0
25557,0.0
6257,0.0
4383,0.0
9073,0.0
27442,0.0
23691,0.0
18971,0.0
17253,1.0
9032,1.0
7309,0.0
11744,0.0
28223,0.0
18078,0.0
12067,1.0
8451,0.0
17205,0.0
8960,0.0
13820,0.0
25242,0.0
691,0.0
19820,0.0
13660,0.0
15389,0.0
29911,0.0
18260,0.0
24385,0.0
15145,0.0
12711,0.0
1426,0.0
2605,0.0
14192,1.0
23696,0.0
15335,0.0
18382,1.0
21161,0.0
14721,0.0
10480,0.0
23862,0.0
9014,0.0
16968,0.0
13919,0.0
5161,0.0
24271,0.0
11222,0.0
9799,0.0
5027,0.0
15960,1.0
9203,0.0
9951,0.0
23002,0.0
16865,0.0
5776,0.0
13126,0.0
2484,0.0
15167,0.0
21169,0.0
17988,0.0
14684,0.0
28111,0.0
3068,0.0
22678,0.0
19252,0.0
7523,0.0
19724,0.0
17448,0.0
20571,0.0
6915,1.0
9155,0.0
8673,0.0
6461,0.0
15542,0.0
24198,1.0
7385,0.0
2534,0.0
4421,0.0
15923,1.0
27545,0.0
15562,0.0
13430,0.0
10313,0.0
20737,0.0
3465,0.0
21779,0.0
9180,0.0
820,0.0
27511,1.0
25700,0.0
21831,0.0
11851,0.0
20802,0.0
14117,0.0
5248,0.0
3976,0.0
27397,0.0
82,0.0
1988,0.0
5300,0.0
24638,0.0
25752,0.0
28422,0.0
29884,0.0
21611,0.0
23100,1.0
24272,0.0
23885,0.0
18845,0.0
14318,0.0
6074,0.0
13068,0.0
26793,0.0
17565,0.0
28001,0.0
15348,0.0
2729,0.0
23332,0.0
29662,0.0
13774,0.0
9644,0.0
14831,0.0
1704,0.0
27735,0.0
26192,0.0
5496,0.0
5371,0.0
27150,0.0
11306,0.0
29127,1.0
29408,0.0
5130,0.0
5784,0.0
22029,0.0
11942,0.0
16133,1.0
724,0.0
15371,0.0
17894,0.0
26816,0.0
4761,0.0
19101,0.0
20511,0.0
12743,0.0
10940,0.0
7763,0.0
18335,0.0
26281,1.0
10477,0.0
24214,0.0
24284,0.0
18113,0.0
10147,0.0
3064,0.0
25044,1.0
2511,0.0
4805,0.0
5657,0.0
29231,0.0
29422,0.0
29816,0.0
6216,0.0
29628,0.0
13295,0.0
11116,0.0
9171,1.0
3196,0.0
24914,0.0
7668,0.0
21136,0.0
6733,0.0
13473,0.0
28094,0.0
5780,0.0
6459,0.0
17416,1.0
25953,0.0
23480,0.0
9645,0.0
26428,0.0
26221,0.0
23689,0.0
16747,0.0
24281,0.0
6682,0.0
24693,0.0
5207,0.0
5215,0.0
22157,0.0
24704,0.0
14271,0.0
8862,0.0
11568,0.0
13017,0.0
5139,0.0
9311,0.0
9952,0.0
27093,0.0
28460,1.0
5686,0.0
15563,0.0
17275,0.0
14346,0.0
28685,0.0
19029,0.0
19137,0.0
16675,0.0
11657,0.0
13031,0.0
1549,0.0
13453,1.0
28128,0.0
12014,0.0
28309,0.0
76,0.0
22844,0.0
19004,0.0
20523,0.0
9688,0.0
17426,0.0
9096,0.0
9035,0.0
25647,0.0
4179,0.0
14807,0.0
1235,0.0
28026,0.0
17771,0.0
27197,0.0
8219,0.0
29834,0.0
9008,0.0
21521,0.0
12472,0.0
2874,0.0
16448,0.0
2232,0.0
25254,0.0
24203,0.0
4660,1.0
15889,0.0
12285,0.0
29034,0.0
17409,0.0
14354,0.0
12552,0.0
2025,0.0
22242,0.0
24123,0.0
27221,0.0
18996,0.0
18442,0.0
8338,1.0
11902,0.0
17875,1.0
22055,0.0
10367,0.0
5224,0.0
20615,1.0
22111,0.0
14868,0.0
7701,0.0
7387,0.0
12223,1.0
26137,0.0
5064,0.0
19710,0.0
3285,0.0
25348,0.0
4648,0.0
16481,0.0
1315,1.0
2980,0.0
26265,0.0
1493,1.0
27833,0.0
16367,0.0
8612,0.0
7565,0.0
28179,0.0
8291,0.0
6736,0.0
25844,0.0
21769,0.0
2181,0.0
27270,0.0
25361,0.0
14520,0.0
18221,0.0
28596,0.0
21354,0.0
14808,0.0
28090,0.0
7511,0.0
15824,0.0
20856,1.0
6433,0.0
12182,0.0
15847,0.0
10362,0.0
16030,1.0
21814,0.0
8792,0.0
15617,0.0
25416,1.0
12992,0.0
2823,0.0
5714,1.0
23544,0.0
8182,0.0
11977,0.0
8662,0.0
13258,0.0
11022,0.0
15246,0.0
4382,0.0
3724,1.0
20961,0.0
26046,0.0
22417,0.0
24292,0.0
10338,1.0
11282,0.0
28288,1.0
1706,0.0
18151,0.0
2198,0.0
19387,0.0
3026,0.0
417,0.0
26945,0.0
8087,0.0
8709,0.0
943,0.0
398,0.0
17996,0.0
13,0.0
24711,0.0
9431,0.0
22736,0.0
258,0.0
4136,1.0
24456,0.0
9450,0.0
6258,0.0
29583,0.0
18142,0.0
2276,0.0
10216,0.0
27834,0.0
2879,0.0
21334,0.0
24414,0.0
12643,0.0
4791,0.0
14082,1.0
21789,0.0
10821,0.0
9253,0.0
25198,0.0
1481,0.0
2473,0.0
16430,0.0
16762,0.0
7910,0.0
11713,1.0
22461,0.0
29637,0.0
21959,0.0
3876,0.0
9890,0.0
26557,1.0
29786,1.0
5252,0.0
14212,0.0
2322,0.0
26227,0.0
12485,0.0
22801,0.0
1908,0.0
20617,0.0
7442,0.0
4739,1.0
20687,1.0
9803,0.0
6476,0.0
1743,0.0
22463,0.0
8402,0.0
28625,1.0
1953,0.0
13718,1.0
5630,0.0
6924,0.0
18254,0.0
16700,0.0
13635,0.0
6561,0.0
16377,1.0
12579,0.0
8110,0.0
8938,1.0
29988,0.0
14863,0.0
16596,0.0
3773,0.0
1434,0.0
12748,0.0
29184,0.0
18995,0.0
954,0.0
16182,0.0
25773,0.0
18947,0.0
10151,0.0
15780,0.0
8564,0.0
28557,0.0
26991,0.0
3385,0.0
18067,1.0
14263,0.0
28162,0.0
143,0.0
16433,0.0
668,0.0
26985,0.0
4641,0.0
17716,0.0
21590,0.0
13705,0.0
22706,0.0
1935,0.0
27049,1.0
2513,0.0
2052,1.0
10004,0.0
12925,1.0
14507,0.0
23801,0.0
29353,0.0
15558,0.0
25005,0.0
6367,0.0
13373,0.0
3296,0.0
11909,0.0
9983,0.0
7199,0.0
26862,0.0
19001,0.0
29407,0.0
8068,0.0
19639,0.0
7856,0.0
2148,0.0
6620,0.0
20114,0.0
3980,0.0
17800,0.0
18165,0.0
14276,0.0
16074,0.0
16209,0.0
22777,0.0
1030,0.0
3353,0.0
24207,0.0
3803,0.0
14352,0.0
3804,0.0
5010,0.0
19108,0.0
18893,1.0
17291,0.0
27814,0.0
23951,0.0
4242,0.0
12597,0.0
23755,0.0
13361,0.0
7336,0.0
24479,1.0
26500,0.0
1766,0.0
29767,0.0
25763,0.0
28243,1.0
26440,0.0
21511,0.0
9016,0.0
6907,0.0
16720,0.0
22338,0.0
28384,0.0
29799,0.0
7493,0.0
17436,0.0
12301,0.0
27837,0.0
15067,0.0
27790,0.0
18213,0.0
10167,0.0
11313,0.0
14477,0.0
18591,0.0
15784,0.0
22249,0.0
5261,0.0
29239,0.0
25997,0.0
12972,0.0
10942,0.0
28358,0.0
6624,0.0
16520,0.0
16704,0.0
24135,0.0
20679,0.0
25955,0.0
26795,0.0
18034,1.0
4886,0.0
14864,0.0
9768,0.0
10188,0.0
28937,0.0
29435,0.0
24667,0.0
15149,0.0
4541,0.0
20592,0.0
28171,0.0
28039,0.0
13226,0.0
15128,0.0
22934,0.0
22560,0.0
8493,1.0
12086,0.0
27591,0.0
12910,0.0
10679,0.0
12077,0.0
25708,0.0
16831,0.0
4720,0.0
13417,0.0
9683,0.0
20528,0.0
2222,0.0
29430,0.0
11174,0.0
22049,0.0
2983,0.0
11410,0.0
8329,0.0
8345,0.0
12909,1.0
15720,0.0
5425,0.0
25638,0.0
10434,0.0
20875,0.0
18728,0.0
5391,1.0
18073,0.0
20149,1.0
26919,0.0
27331,0.0
8613,0.0
9235,0.0
3149,0.0
25165,0.0
11921,0.0
18654,0.0
12323,0.0
19875,0.0
23039,0.0
19423,0.0
12370,1.0
29092,0.0
29745,1.0
13376,0.0
6528,0.0
7516,0.0
22585,1.0
23935,0.0
20631,0.0
4767,0.0
28426,0.0
5200,0.0
21502,0.0
5739,1.0
25091,0.0
20838,0.0
14526,0.0
26445,0.0
22240,0.0
1862,0.0
26786,1.0
27351,0.0
91,1.0
28270,0.0
16809,0.0
20869,0.0
6405,0.0
27764,0.0
24249,0.0
3527,0.0
12118,0.0
14009,0.0
29002,0.0
24824,0.0
27349,0.0
14550,0.0
26765,0.0
26351,0.0
7893,0.0
5520,0.0
10149,0.0
26270,0.0
24032,0.0
28928,0.0
9682,0.0
23628,0.0
17654,0.0
3261,0.0
3204,0.0
22143,0.0
5209,0.0
29137,0.0
13972,0.0
3371,0.0
7906,0.0
25327,0.0
12504,0.0
23553,0.0
19719,0.0
11815,0.0
2886,0.0
26497,0.0
23010,0.0
28168,0.0
12070,0.0
1566,0.0
29664,0.0
13516,0.0
22214,0.0
18021,0.0
22660,0.0
16595,0.0
14300,0.0
316,0.0
5882,0.0
7468,0.0
6898,0.0
11287,0.0
19057,0.0
5164,1.0
14767,0.0
8702,0.0
13856,0.0
1098,0.0
9810,0.0
4264,0.0
27262,0.0
3686,0.0
7041,0.0
87,0.0
29887,0.0
7457,0.0
21314,0.0
24442,0.0
14796,0.0
3599,0.0
9788,0.0
148,0.0
27317,0.0
15354,0.0
5815,0.0
2179,0.0
7849,0.0
11193,0.0
18844,0.0
10647,0.0
20254,0.0
17368,0.0
9880,0.0
21196,0.0
7780,0.0
27125,0.0
27185,0.0
16560,0.0
8347,0.0
9316,0.0
25135,0.0
1581,0.0
11663,0.0
24599,1.0
23434,0.0
5729,0.0
3534,0.0
21049,0.0
8826,0.0
16125,1.0
22375,0.0
10365,1.0
29268,0.0
1507,0.0
19295,0.0
9230,0.0
1565,0.0
20613,0.0
4878,0.0
18329,0.0
28122,0.0
10653,0.0
2689,0.0
20857,0.0
6711,0.0
8061,0.0
3747,0.0
2349,0.0
4916,0.0
11318,0.0
28016,0.0
11471,0.0
16619,0.0
24949,0.0
10969,1.0
18006,1.0
6134,0.0
14341,1.0
24658,0.0
6522,0.0
24642,0.0
14089,0.0
14995,0.0
3931,0.0
27692,0.0
29953,0.0
26693,0.0
9972,0.0
12001,0.0
16597,0.0
21735,0.0
5432,0.0
27427,0.0
6488,0.0
17311,0.0
6375,0.0
8448,0.0
18422,0.0
29017,0.0
29104,0.0
8086,0.0
657,0.0
25241,0.0
5530,0.0
19852,0.0
4265,0.0
13335,0.0
1866,0.0
14675,0.0
4789,1.0
654,0.0
27532,0.0
23654,0.0
945,0.0
28438,0.0
18713,0.0
28475,0.0
162,1.0
1655,0.0
1781,0.0
17566,0.0
8583,0.0
9280,0.0
21105,0.0
24585,0.0
6382,0.0
29440,0.0
27092,1.0
26419,0.0
323,0.0
10244,0.0
17476,0.0
5049,0.0
12974,0.0
1036,0.0
26987,0.0
5715,0.0
4592,0.0
4444,0.0
12810,0.0
27890,0.0
26639,0.0
29766,0.0
26781,0.0
974,0.0
22547,0.0
11438,0.0
16770,0.0
19037,0.0
14036,0.0
5378,0.0
13339,0.0
2752,0.0
23278,0.0
8836,0.0
29851,0.0
17659,0.0
242,0.0
6448,0.0
26398,0.0
18198,0.0
4628,0.0
7253,0.0
22886,0.0
15580,0.0
8465,0.0
21589,0.0
26681,1.0
9721,0.0
1308,0.0
9372,0.0
1880,1.0
19265,0.0
4915,1.0
22579,0.0
23508,0.0
21686,0.0
21538,0.0
14701,0.0
25878,0.0
4238,0.0
6139,0.0
24968,0.0
26744,0.0
6885,0.0
6438,0.0
7504,0.0
3200,0.0
27515,0.0
22470,0.0
22250,0.0
23148,0.0
10247,0.0
15725,0.0
23812,1.0
23189,0.0
27982,0.0
7318,0.0
20622,0.0
2074,0.0
12568,0.0
6266,0.0
17441,0.0
12226,0.0
27174,0.0
21734,0.0
2482,0.0
8020,0.0
4109,0.0
9729,0.0
29363,0.0
27768,0.0
9101,0.0
17838,0.0
26874,0.0
662,0.0
14066,0.0
24519,0.0
15729,0.0
23510,0.0
27999,0.0
10885,0.0
17032,1.0
21063,0.0
2682,0.0
23287,0.0
15358,1.0
29599,0.0
8188,0.0
12533,1.0
5317,1.0
15483,0.0
1415,0.0
21056,0.0
13114,0.0
13525,0.0
29069,0.0
23719,0.0
14930,0.0
13586,0.0
26306,0.0
24813,0.0
11249,0.0
19664,0.0
1796,0.0
23756,0.0
16245,0.0
19062,0.0
15975,0.0
25547,0.0
13255,1.0
6115,0.0
1290,0.0
24953,0.0
12658,0.0
19427,0.0
17935,0.0
3513,1.0
1449,0.0
22741,0.0
21454,0.0
4533,0.0
104,0.0
5373,0.0
7136,0.0
16006,0.0
14166,0.0
28293,0.0
1176,0.0
29549,0.0
25267,0.0
19987,0.0
14080,0.0
4959,1.0
20746,0.0
14071,0.0
396,0.0
25838,1.0
13348,0.0
19291,0.0
434,0.0
14063,1.0
16169,0.0
18577,0.0
14295,1.0
11897,0.0
3183,0.0
4381,0.0
14456,0.0
25344,0.0
12090,0.0
25979,0.0
18368,0.0
12191,0.0
4166,0.0
4003,0.0
126,0.0
15214,0.0
5878,0.0
1079,0.0
18729,0.0
18148,0.0
21957,0.0
25170,0.0
23564,0.0
29828,1.0
24086,0.0
1085,0.0
21749,0.0
15644,0.0
28867,0.0
5850,0.0
12360,0.0
11882,0.0
6260,0.0
20170,0.0
13183,0.0
22170,0.0
17381,0.0
19557,0.0
16224,1.0
23248,0.0
6677,0.0
158,0.0
27625,0.0
29489,0.0
14891,0.0
10978,0.0
3536,0.0
13693,0.0
13815,0.0
4360,0.0
6256,1.0
4251,0.0
13634,0.0
19892,0.0
3024,1.0
13351,0.0
9660,0.0
21349,0.0
4531,0.0
22185,0.0
22455,0.0
5641,0.0
27490,0.0
2582,0.0
11495,0.0
6402,0.0
17528,0.0
26955,0.0
15740,0.0
8902,0.0
829,0.0
4842,0.0
5457,0.0
19824,0.0
8399,0.0
6259,0.0
16035,0.0
23001,0.0
29193,0.0
22094,0.0
4556,1.0
25564,0.0
22708,0.0
28363,0.0
16620,0.0
12875,0.0
2643,0.0
29547,0.0
13176,0.0
26135,0.0
20959,0.0
29845,0.0
27255,1.0
26315,0.0
24398,1.0
24095,0.0
6189,0.0
21661,0.0
13257,0.0
10002,0.0
19178,0.0
15599,1.0
6039,1.0
4036,0.0
10379,0.0
22584,0.0
22915,0.0
19899,1.0
16666,0.0
24421,0.0
8799,0.0
4614,0.0
22166,0.0
13657,0.0
23296,0.0
4205,0.0
16412,0.0
12865,0.0
11027,0.0
8697,0.0
24907,1.0
14806,1.0
11331,0.0
22739,0.0
9936,0.0
5527,0.0
28720,0.0
23324,0.0
13177,0.0
19234,1.0
18319,0.0
22969,1.0
21160,0.0
10791,0.0
25054,1.0
12046,0.0
2764,0.0
15266,0.0
26858,0.0
8958,0.0
28329,0.0
8508,1.0
2219,1.0
2746,0.0
8589,0.0
24969,0.0
27449,0.0
8233,0.0
21762,0.0
13720,1.0
12397,0.0
29164,0.0
16185,0.0
5944,0.0
6401,0.0
23895,0.0
25670,0.0
20332,0.0
28261,0.0
10252,0.0
12764,0.0
6073,0.0
14852,0.0
21007,0.0
4005,0.0
14628,0.0
19538,0.0
22557,0.0
26959,0.0
2928,0.0
22792,1.0
10731,0.0
14661,0.0
27906,0.0
25181,0.0
15003,0.0
11607,0.0
7781,0.0
16192,1.0
14074,0.0
13965,0.0
10048,0.0
28146,0.0
12606,0.0
29900,0.0
16793,1.0
12051,0.0
21329,0.0
5909,0.0
2090,1.0
3967,1.0
7017,0.0
24142,0.0
4040,1.0
884,0.0
27113,0.0
3219,0.0
12474,0.0
28245,0.0
22378,0.0
13289,0.0
21224,0.0
15267,0.0
16418,0.0
28670,0.0
21131,0.0
13801,0.0
23974,0.0
20539,0.0
112,0.0
14195,0.0
16502,0.0
15739,0.0
16921,0.0
27228,0.0
26410,0.0
10058,0.0
25064,0.0
16470,1.0
11056,0.0
729,0.0
18901,0.0
20814,0.0
10164,0.0
2487,0.0
2034,0.0
22419,0.0
19722,0.0
19369,0.0
4970,0.0
19096,0.0
1469,0.0
25197,1.0
673,1.0
24637,0.0
155,0.0
21574,0.0
21270,0.0
5298,0.0
3074,0.0
125,0.0
13071,0.0
19891,0.0
800,0.0
20953,0.0
15430,0.0
25389,0.0
9161,0.0
25387,0.0
24434,0.0
5084,0.0
29535,0.0
6279,0.0
6826,0.0
28540,0.0
5170,0.0
8319,0.0
27723,1.0
25702,0.0
23579,0.0
14901,0.0
20998,0.0
833,0.0
4086,0.0
11770,0.0
13933,0.0
18692,0.0
18455,0.0
563,0.0
24884,0.0
14182,0.0
27269,0.0
9362,0.0
18011,0.0
25567,0.0
14776,0.0
1791,0.0
19343,0.0
7018,0.0
27413,0.0
27539,0.0
14159,0.0
21527,0.0
14783,0.0
16754,0.0
18025,1.0
924,0.0
16705,1.0
27917,0.0
25488,0.0
22951,0.0
4810,0.0
26143,0.0
1389,0.0
11393,0.0
22413,0.0
14306,0.0
16758,0.0
1519,1.0
9955,0.0
15801,0.0
21712,0.0
9888,0.0
20847,0.0
9590,0.0
3745,0.0
9787,0.0
8247,0.0
13222,0.0
29278,0.0
7869,0.0
26894,0.0
13246,0.0
25229,0.0
18562,0.0
1611,0.0
23714,0.0
23899,0.0
6877,0.0
12006,0.0
7492,0.0
26100,0.0
8516,0.0
616,0.0
6923,0.0
25637,0.0
2233,0.0
9026,0.0
25540,0.0
2747,0.0
22184,0.0
23562,0.0
29499,0.0
1753,0.0
4755,0.0
29154,0.0
8043,1.0
16455,1.0
21387,0.0
17730,0.0
21242,0.0
141,0.0
720,0.0
25480,0.0
29089,0.0
6473,0.0
13419,0.0
9333,0.0
15684,0.0
16690,1.0
17974,1.0
2374,0.0
11452,0.0
6040,0.0
7553,0.0
27634,0.0
2381,0.0
19350,0.0
6120,1.0
23450,0.0
10681,0.0
18026,0.0
11731,0.0
4131,0.0
12112,0.0
17941,1.0
6646,0.0
353,0.0
15834,0.0
19945,0.0
22667,0.0
17812,0.0
10508,0.0
13865,1.0
29116,1.0
21989,0.0
26378,0.0
3253,0.0
2831,0.0
18569,0.0
3372,0.0
24584,0.0
28588,0.0
29522,0.0
16314,0.0
13290,1.0
4376,0.0
3363,0.0
25559,0.0
21980,0.0
6428,0.0
13841,0.0
5709,0.0
5901,0.0
26498,0.0
18379,0.0
28151,0.0
1310,0.0
6734,0.0
23445,0.0
12088,0.0
12136,0.0
15101,1.0
18397,0.0
22422,0.0
28851,0.0
28347,0.0
17459,0.0
20728,0.0
22121,0.0
3248,1.0
27947,0.0
16469,0.0
7522,0.0
4009,0.0
26156,0.0
28319,0.0
12537,0.0
1842,0.0
9554,0.0
11769,0.0
7988,1.0
25415,0.0
26597,0.0
5853,0.0
753,0.0
11820,0.0
25469,0.0
11122,0.0
12309,0.0
1982,1.0
24830,0.0
2941,0.0
1407,0.0
24760,0.0
3114,0.0
23517,0.0
28496,0.0
1342,0.0
19889,0.0
605,0.0
3676,0.0
4765,1.0
29697,0.0
13613,0.0
18182,0.0
14707,1.0
11483,0.0
28918,0.0
25178,0.0
2018,0.0
19418,0.0
19216,0.0
21843,0.0
4478,0.0
12322,0.0
11183,0.0
18440,0.0
21498,0.0
14383,0.0
18765,0.0
27826,0.0
20548,0.0
11964,0.0
17652,0.0
18835,0.0
23204,0.0
9710,0.0
6409,0.0
17765,0.0
3073,0.0
21861,0.0
19188,0.0
13560,0.0
28010,0.0
19670,0.0
8857,1.0
254,0.0
8780,0.0
4104,0.0
7500,0.0
12141,0.0
29273,0.0
3071,0.0
26593,0.0
11903,0.0
27671,0.0
11574,0.0
14364,0.0
17196,0.0
9619,0.0
23003,0.0
20118,0.0
18082,0.0
19596,1.0
343,0.0
12931,0.0
3894,0.0
19150,0.0
8156,0.0
20610,0.0
4001,1.0
12968,0.0
28688,0.0
27294,0.0
429,0.0
25079,0.0
23780,0.0
12412,0.0
13091,0.0
11005,0.0
4207,0.0
18532,0.0
29494,0.0
27163,0.0
10184,0.0
26953,0.0
27951,0.0
19406,0.0
19915,0.0
15338,0.0
23948,0.0
24533,0.0
8901,0.0
18563,0.0
8047,0.0
2301,1.0
13008,0.0
22597,0.0
19785,0.0
4445,1.0
21258,0.0
19318,1.0
22388,0.0
15445,0.0
25521,0.0
3262,0.0
11610,0.0
11510,0.0
28954,0.0
6207,0.0
27301,0.0
18463,0.0
554,0.0
11391,0.0
25710,0.0
4920,0.0
4768,0.0
12769,0.0
26186,0.0
8848,0.0
8296,1.0
21606,0.0
12252,0.0
7396,0.0
9065,0.0
24604,0.0
3704,0.0
17929,0.0
20546,1.0
4011,0.0
15000,0.0
27961,0.0
14638,1.0
18999,0.0
1616,0.0
926,0.0
19231,0.0
12295,0.0
25040,0.0
29709,0.0
28917,0.0
23367,0.0
13072,0.0
12203,0.0
25874,0.0
14,0.0
18186,1.0
6532,0.0
13763,0.0
24010,0.0
8690,0.0
16725,0.0
22997,0.0
9830,0.0
28563,0.0
28842,0.0
27365,0.0
17879,0.0
14112,0.0
23028,0.0
20454,0.0
28499,0.0
8548,0.0
8158,0.0
13428,0.0
1647,0.0
8125,1.0
23178,0.0
28879,0.0
6783,0.0
6118,0.0
23591,0.0
11355,0.0
4927,0.0
6205,0.0
9109,0.0
16023,0.0
27245,0.0
22719,0.0
17804,0.0
20652,0.0
12946,0.0
13420,0.0
28258,0.0
21966,0.0
12532,0.0
5489,0.0
13397,0.0
15806,0.0
24806,0.0
24732,0.0
20281,0.0
6598,0.0
25618,0.0
6543,0.0
10793,0.0
23453,0.0
7276,0.0
28938,0.0
7663,1.0
3129,0.0
3979,0.0
8978,0.0
29676,0.0
22916,0.0
714,0.0
9257,0.0
21462,0.0
3718,0.0
27631,1.0
8097,0.0
29076,0.0
27140,1.0
251,0.0
1362,0.0
16663,1.0
2403,0.0
9452,1.0
6663,0.0
15849,0.0
3432,0.0
14547,0.0
25238,0.0
10775,0.0
200,0.0
1113,0.0
14482,0.0
2551,0.0
9563,1.0
17450,0.0
15674,0.0
20003,0.0
23884,0.0
12695,1.0
11756,0.0
21185,0.0
667,0.0
27459,1.0
23907,0.0
7616,0.0
7899,1.0
20830,0.0
18622,0.0
4656,0.0
25837,0.0
10721,0.0
13699,0.0
15460,0.0
14416,0.0
16086,0.0
27226,0.0
10524,0.0
12081,0.0
7847,0.0
27142,0.0
20286,0.0
16217,0.0
26214,0.0
19233,0.0
6069,0.0
653,0.0
27218,0.0
13012,0.0
28823,0.0
10803,0.0
22663,0.0
23442,0.0
26231,0.0
7246,0.0
3450,0.0
22731,0.0
17056,1.0
12608,0.0
10939,0.0
10933,0.0
123,0.0
26197,0.0
15264,0.0
28376,0.0
11351,0.0
4471,1.0
23113,0.0
25032,0.0
1317,0.0
8297,0.0
10255,0.0
18959,0.0
13497,0.0
8211,0.0
26297,0.0
22804,0.0
10671,0.0
26074,0.0
18990,0.0
21525,0.0
24460,0.0
502,0.0
22657,1.0
23836,0.0
26904,0.0
3625,0.0
18590,0.0
15196,0.0
4590,0.0
23057,0.0
27984,0.0
27962,0.0
12489,0.0
9197,0.0
29848,0.0
4532,0.0
27844,0.0
14433,0.0
20555,0.0
8387,0.0
5377,0.0
28294,0.0
8723,0.0
27202,0.0
23220,0.0
14556,0.0
5226,0.0
15368,0.0
27569,0.0
3548,0.0
7973,0.0
28060,0.0
2677,0.0
29989,0.0
6989,0.0
74,0.0
24251,0.0
18496,0.0
20321,0.0
25946,0.0
27779,0.0
8529,0.0
26571,0.0
5922,0.0
26353,0.0
3993,1.0
24831,0.0
1748,0.0
24723,0.0
22936,0.0
10657,0.0
22467,1.0
2987,0.0
18981,0.0
13599,0.0
12304,0.0
14687,0.0
17835,0.0
11972,0.0
5550,0.0
18621,0.0
6250,0.0
24122,0.0
15388,0.0
11363,0.0
14062,0.0
21552,1.0
18150,1.0
23087,0.0
8050,0.0
13747,0.0
27935,0.0
26141,0.0
20527,0.0
26854,0.0
24360,1.0
11798,0.0
14952,0.0
16880,0.0
17972,0.0
12892,0.0
6483,0.0
12719,0.0
949,0.0
23315,0.0
24992,0.0
4964,0.0
9007,1.0
2652,0.0
1990,0.0
14665,0.0
1992,0.0
24375,0.0
8582,0.0
6568,0.0
11029,0.0
6751,1.0
5957,0.0
2194,0.0
940,0.0
2347,0.0
12464,0.0
15170,0.0
22009,0.0
14548,0.0
28165,0.0
4953,0.0
14398,0.0
18286,0.0
14836,0.0
572,0.0
14773,0.0
14768,0.0
26450,0.0
10737,0.0
1447,0.0
20301,0.0
27047,0.0
12938,0.0
17767,0.0
11788,0.0
10823,1.0
18192,0.0
29332,0.0
23621,0.0
2587,0.0
8063,0.0
27396,0.0
6192,0.0
3034,0.0
9196,0.0
5919,0.0
578,0.0
4723,1.0
3462,0.0
12344,0.0
18679,0.0
18676,0.0
1206,0.0
21647,1.0
24267,0.0
480,0.0
11378,0.0
28669,0.0
23128,0.0
19900,1.0
23541,0.0
27477,1.0
18802,0.0
4169,0.0
7782,0.0
9143,0.0
1171,0.0
16127,1.0
2589,0.0
7889,0.0
3387,0.0
21901,1.0
6394,0.0
1903,0.0
8171,0.0
22341,0.0
8707,0.0
12791,0.0
18246,0.0
1938,0.0
11810,0.0
7334,0.0
8413,0.0
14508,0.0
18465,0.0
8689,0.0
14422,0.0
23477,0.0
23035,0.0
28904,0.0
16487,0.0
4188,0.0
18096,0.0
4581,0.0
20630,0.0
6547,0.0
5522,0.0
25856,0.0
5786,1.0
192,1.0
10802,1.0
1921,1.0
29842,0.0
27482,0.0
25120,0.0
14740,0.0
27656,0.0
28064,0.0
2974,1.0
19716,0.0
29612,0.0
8756,0.0
26996,0.0
27632,1.0
2060,0.0
29119,0.0
490,0.0
470,0.0
19884,0.0
7290,0.0
23747,0.0
9841,0.0
2611,0.0
783,1.0
12877,0.0
28255,0.0
7353,0.0
21806,0.0
25879,1.0
13007,0.0
26675,0.0
8688,0.0
18888,0.0
1061,0.0
2267,0.0
16235,0.0
5534,0.0
27774,1.0
11215,0.0
15,0.0
5835,0.0
18825,0.0
24091,0.0
15700,0.0
1568,0.0
28884,0.0
12933,0.0
29446,0.0
1849,0.0
3565,0.0
12015,0.0
20103,0.0
25112,0.0
28351,0.0
15850,0.0
8231,1.0
28301,0.0
21537,0.0
8414,0.0
13133,0.0
19408,0.0
29778,0.0
26530,0.0
18251,1.0
27012,0.0
6323,0.0
17795,0.0
19392,0.0
22508,0.0
11409,0.0
28676,1.0
10507,0.0
25952,0.0
29059,0.0
25417,0.0
27879,0.0
19474,0.0
26359,1.0
15625,0.0
29713,0.0
16541,0.0
2187,0.0
9086,0.0
28702,0.0
24210,0.0
12177,1.0
15666,0.0
4885,0.0
9043,0.0
25119,0.0
6183,0.0
26849,0.0
4758,0.0
13026,0.0
4034,0.0
29971,0.0
12448,1.0
23382,0.0
23143,0.0
28837,0.0
10606,0.0
6349,1.0
340,0.0
10543,0.0
26087,1.0
23274,0.0
27222,1.0
21281,0.0
3765,0.0
16001,1.0
2486,0.0
28968,0.0
24415,0.0
7812,0.0
28481,0.0
12885,0.0
8150,0.0
27474,0.0
21262,0.0
13916,0.0
23447,0.0
29582,0.0
29405,0.0
588,0.0
29099,0.0
28273,0.0
4094,0.0
13995,0.0
12212,0.0
7266,0.0
14541,0.0
16552,0.0
26787,0.0
22526,0.0
26490,0.0
15300,0.0
21799,0.0
17287,0.0
9723,0.0
25642,0.0
16532,0.0
13118,0.0
11344,1.0
7620,0.0
17011,0.0
25664,0.0
481,0.0
17857,0.0
9157,0.0
14943,0.0
9038,0.0
1875,0.0
4226,0.0
17398,0.0
13234,0.0
8168,0.0
22435,0.0
17335,0.0
2261,0.0
11751,0.0
4937,0.0
15577,0.0
24394,0.0
13087,0.0
7211,0.0
19006,0.0
27392,0.0
6360,0.0
14803,0.0
27525,0.0
18451,0.0
29974,0.0
24352,0.0
8751,0.0
4452,0.0
14238,0.0
10938,0.0
22532,0.0
2123,0.0
22262,0.0
15603,0.0
3343,0.0
26841,0.0
21166,0.0
12429,0.0
4572,0.0
13019,0.0
6334,0.0
21850,0.0
11169,0.0
29362,0.0
21243,0.0
13947,1.0
6636,1.0
27443,0.0
8748,0.0
18212,0.0
15070,0.0
19374,0.0
27799,0.0
16669,0.0
12420,0.0
16985,0.0
26652,0.0
20598,0.0
2092,0.0
8243,0.0
17173,0.0
23152,0.0
21026,0.0
7463,0.0
10310,0.0
29333,0.0
23239,0.0
15940,0.0
13913,0.0
23475,0.0
26850,1.0
20834,0.0
1138,0.0
12589,1.0
6051,0.0
7713,0.0
25134,0.0
27524,0.0
15056,0.0
16899,0.0
6912,0.0
16811,0.0
12715,0.0
12499,0.0
4194,0.0
22460,1.0
11957,0.0
6616,0.0
5989,0.0
5758,0.0
17109,0.0
642,0.0
10428,0.0
16929,0.0
22020,0.0
26075,0.0
18751,0.0
13552,0.0
25093,0.0
8281,0.0
27058,0.0
3013,0.0
18027,1.0
27194,0.0
18220,0.0
24332,0.0
17593,0.0
16711,0.0
11322,0.0
28827,0.0
13218,0.0
3518,0.0
14194,0.0
10755,0.0
22299,0.0
8558,0.0
21145,0.0
18819,0.0
5392,0.0
10328,0.0
28298,1.0
15823,0.0
20044,0.0
6165,0.0
10033,0.0
5103,0.0
784,0.0
22668,0.0
7827,0.0
4733,0.0
1525,0.0
27468,1.0
24731,0.0
28910,0.0
17856,0.0
13778,0.0
23282,0.0
2030,1.0
12181,0.0
29797,0.0
29525,0.0
26003,0.0
6032,1.0
27044,0.0
25259,0.0
15573,0.0
9168,0.0
24287,1.0
11682,1.0
7328,0.0
20282,1.0
28404,0.0
18957,0.0
15125,0.0
11204,0.0
3843,0.0
1927,0.0
14880,0.0
25097,0.0
21092,0.0
26865,0.0
2112,0.0
7783,0.0
18339,0.0
10443,0.0
28102,0.0
19438,0.0
8057,0.0
29729,0.0
8152,0.0
5155,0.0
24995,0.0
24799,0.0
8306,0.0
15694,0.0
11804,0.0
14892,1.0
5748,0.0
1298,0.0
27845,0.0
17970,0.0
25184,0.0
2203,0.0
26732,0.0
10738,0.0
23246,0.0
18196,0.0
29097,0.0
2315,0.0
11002,0.0
23753,0.0
55,1.0
15715,0.0
1971,0.0
3912,0.0
4822,0.0
11305,0.0
11357,0.0
12201,0.0
27059,0.0
1169,0.0
18342,0.0
5504,0.0
15526,0.0
23556,0.0
19667,0.0
9731,0.0
20379,0.0
4978,0.0
15924,0.0
23821,0.0
3033,0.0
10851,0.0
14121,0.0
2583,0.0
28616,0.0
3957,0.0
23316,1.0
12897,0.0
14828,0.0
17038,0.0
28132,0.0
4529,0.0
7858,0.0
10145,0.0
14479,0.0
317,0.0
23224,0.0
22167,0.0
16401,1.0
29320,0.0
12583,0.0
12400,0.0
11580,0.0
4505,0.0
6271,0.0
14898,0.0
8654,0.0
21664,0.0
3322,0.0
3916,0.0
4309,0.0
23680,0.0
17859,0.0
1712,0.0
8497,0.0
19821,0.0
29873,0.0
29692,0.0
3388,0.0
12073,1.0
300,0.0
5326,0.0
23006,0.0
27506,0.0
20066,0.0
26875,0.0
20948,0.0
4106,0.0
10337,0.0
16964,1.0
6305,0.0
14326,0.0
8922,0.0
21657,0.0
17862,0.0
20976,0.0
8300,0.0
24330,0.0
19924,0.0
26237,0.0
26595,0.0
5116,1.0
19066,0.0
13588,0.0
7627,0.0
15077,0.0
14425,0.0
17963,0.0
22079,0.0
12146,0.0
18300,0.0
29788,0.0
5428,0.0
10264,0.0
5340,1.0
27745,0.0
12162,0.0
13701,0.0
10203,0.0
1650,0.0
25110,1.0
15018,0.0
7972,0.0
280,0.0
19442,0.0
12062,0.0
28058,1.0
12355,0.0
886,0.0
1506,0.0
12491,0.0
18611,0.0
20690,0.0
25274,0.0
25839,0.0
3173,0.0
209,0.0
17774,0.0
13663,0.0
10705,0.0
1946,0.0
24162,0.0
7343,0.0
28907,0.0
15634,0.0
24717,1.0
11132,0.0
29739,0.0
17711,1.0
14224,0.0
26030,0.0
24476,0.0
25542,0.0
11953,0.0
1467,0.0
1512,1.0
6706,0.0
9137,0.0
19039,0.0
22718,0.0
7412,0.0
10826,0.0
23413,0.0
15851,0.0
7993,1.0
19206,0.0
11448,0.0
24621,0.0
24730,0.0
17064,0.0
11615,0.0
22776,0.0
19371,0.0
20860,0.0
174,0.0
2765,0.0
13142,0.0
13633,0.0
17332,0.0
7478,0.0
27785,0.0
14975,0.0
1152,0.0
20105,0.0
17046,0.0
4462,0.0
15633,0.0
14314,0.0
18839,0.0
29668,1.0
5557,0.0
10779,0.0
26536,0.0
7806,0.0
4186,0.0
4689,1.0
23989,0.0
19790,0.0
16949,0.0
9964,0.0
13432,0.0
3970,0.0
25243,0.0
3800,0.0
28330,0.0
14150,0.0
28308,1.0
6463,0.0
16452,1.0
9852,0.0
4862,0.0
15451,0.0
25648,0.0
16695,0.0
3566,0.0
12879,0.0
29217,0.0
18698,0.0
5722,1.0
22897,0.0
29044,0.0
24836,0.0
24757,0.0
19770,0.0
17014,0.0
28582,0.0
9981,0.0
17005,1.0
9019,0.0
1204,0.0
15450,0.0
21093,0.0
15098,0.0
22361,0.0
8040,0.0
486,0.0
25252,0.0
7280,0.0
9323,0.0
6720,0.0
12234,0.0
7739,1.0
7930,0.0
4662,0.0
9725,0.0
1551,0.0
5666,0.0
23954,0.0
170,0.0
3270,0.0
4626,0.0
26535,0.0
28106,0.0
21119,0.0
14592,0.0
15982,0.0
29266,0.0
29141,0.0
29572,0.0
1157,0.0
13542,0.0
10186,0.0
11462,0.0
14557,0.0
2818,1.0
1109,0.0
27107,0.0
21747,0.0
14958,0.0
579,0.0
8026,0.0
2625,0.0
21338,0.0
25308,0.0
18645,0.0
10444,0.0
23684,0.0
28733,0.0
18199,0.0
18641,0.0
17718,0.0
14247,0.0
24193,0.0
26619,0.0
5513,1.0
5092,0.0
9078,0.0
22396,0.0
20850,0.0
12803,0.0
28861,0.0
9854,0.0
22524,0.0
23012,0.0
29395,0.0
6157,0.0
25381,0.0
3512,0.0
8976,0.0
14695,0.0
2333,1.0
12662,0.0
2797,0.0
21987,0.0
7278,0.0
24022,0.0
4329,0.0
7380,0.0
24059,0.0
19225,0.0
2594,0.0
3572,0.0
9148,0.0
17576,0.0
13042,0.0
25495,0.0
5695,0.0
10021,0.0
2739,0.0
17006,0.0
8630,0.0
10230,0.0
27022,0.0
18647,0.0
13692,0.0
12600,0.0
1737,1.0
17201,0.0
25496,0.0
15611,0.0
5994,0.0
20642,0.0
25783,0.0
1193,0.0
7480,0.0
3456,0.0
10128,0.0
4799,0.0
13548,0.0
7100,0.0
2868,0.0
10494,0.0
7272,0.0
20196,0.0
7302,0.0
25510,0.0
13652,0.0
12110,0.0
26311,0.0
14260,0.0
14910,0.0
28825,0.0
27497,0.0
18323,0.0
21700,0.0
7749,0.0
21114,0.0
13014,0.0
11765,0.0
24255,0.0
11178,0.0
16394,0.0
15117,0.0
22689,1.0
3850,0.0
21451,0.0
8722,0.0
11834,0.0
16160,0.0
10865,0.0
4348,1.0
23221,0.0
7303,0.0
2390,0.0
9930,0.0
28136,0.0
3833,0.0
14631,1.0
22968,0.0
7585,0.0
17185,0.0
18774,1.0
3453,0.0
19505,0.0
2212,0.0
649,1.0
20632,0.0
17917,0.0
27375,0.0
25881,0.0
25520,0.0
12253,0.0
11255,0.0
21383,0.0
23651,0.0
24090,0.0
9512,0.0
10776,1.0
2898,0.0
15111,0.0
6234,0.0
5564,0.0
26860,0.0
9924,0.0
9814,0.0
18993,0.0
27447,0.0
27148,0.0
17555,0.0
12611,0.0
14645,0.0
16505,0.0
5347,0.0
15459,0.0
21553,0.0
11904,0.0
24459,1.0
17213,0.0
23308,0.0
7371,0.0
4770,1.0
15638,0.0
3814,0.0
21340,0.0
17384,0.0
23255,0.0
1233,0.0
6893,0.0
777,0.0
24593,0.0
29431,0.0
9272,1.0
13738,0.0
7768,0.0
18488,0.0
27266,0.0
21369,1.0
10555,0.0
21175,0.0
16293,0.0
18070,0.0
7065,0.0
23338,0.0
2174,0.0
26649,0.0
28646,0.0
16826,0.0
928,0.0
1902,0.0
24472,0.0
23520,0.0
7916,0.0
14524,0.0
14312,0.0
27716,0.0
24539,0.0
991,0.0
16983,0.0
28643,0.0
10641,0.0
5754,0.0
717,0.0
21239,0.0
26157,0.0
2494,0.0
29878,0.0
15589,0.0
27780,0.0
6560,0.0
19135,0.0
2535,0.0
24000,0.0
4435,0.0
4877,0.0
12248,0.0
26287,0.0
8647,0.0
20532,0.0
27290,0.0
639,0.0
2217,0.0
7566,0.0
1795,0.0
19351,0.0
6494,0.0
25139,0.0
21853,0.0
22905,0.0
29515,0.0
8375,0.0
10280,0.0
17391,0.0
22068,0.0
6000,0.0
13385,0.0
7239,0.0
16053,1.0
6187,0.0
21246,0.0
27973,0.0
21008,0.0
5254,0.0
12154,0.0
25601,0.0
6844,0.0
2669,0.0
7860,0.0
16901,0.0
8132,0.0
25002,0.0
10064,0.0
18445,0.0
9130,0.0
1570,0.0
2592,0.0
22347,0.0
26471,0.0
2454,0.0
26550,0.0
15988,1.0
6226,0.0
23763,0.0
29605,0.0
7143,0.0
17216,0.0
25724,0.0
29820,0.0
20481,1.0
18012,0.0
2273,0.0
11476,0.0
13592,0.0
12542,1.0
9997,0.0
15497,0.0
24132,0.0
19959,0.0
8042,0.0
14110,0.0
15092,0.0
16356,0.0
348,0.0
8832,0.0
2894,0.0
10038,0.0
9909,0.0
17551,1.0
1219,0.0
559,0.0
9453,0.0
13277,0.0
19085,0.0
3267,0.0
4879,0.0
25639,0.0
19836,0.0
3697,0.0
6872,0.0
22118,0.0
21360,0.0
3017,0.0
13168,0.0
2967,0.0
28228,0.0
6467,0.0
13691,0.0
15662,0.0
8099,0.0
16328,0.0
20910,0.0
4845,0.0
4507,0.0
1545,0.0
23299,0.0
1435,0.0
16240,0.0
27312,0.0
29957,0.0
3783,0.0
12246,0.0
29821,0.0
18387,0.0
21684,0.0
27173,0.0
13863,0.0
5690,0.0
26847,0.0
13214,0.0
17598,0.0
5030,0.0
27626,0.0
29712,0.0
19319,0.0
25581,1.0
9747,0.0
19958,0.0
23449,0.0
28436,0.0
17122,1.0
26764,0.0
15217,0.0
29920,0.0
25025,1.0
6253,0.0
12689,0.0
15066,0.0
14513,0.0
18352,0.0
374,0.0
6229,0.0
19512,0.0
29782,0.0
4796,0.0
6262,0.0
3383,0.0
27456,0.0
748,0.0
13681,0.0
2142,0.0
3364,0.0
18058,0.0
8692,0.0
26288,0.0
27800,1.0
6873,0.0
1202,0.0
11162,0.0
19244,0.0
10510,0.0
16373,0.0
10357,0.0
3991,1.0
20702,0.0
20531,0.0
21079,0.0
20756,0.0
9807,0.0
27061,0.0
1241,0.0
25732,0.0
6277,0.0
27958,1.0
10676,0.0
4068,0.0
11638,0.0
5785,0.0
15787,0.0
19078,0.0
11753,0.0
24677,1.0
29373,0.0
25486,0.0
8538,1.0
19354,0.0
9456,0.0
7358,0.0
25337,0.0
9436,0.0
27564,0.0
13894,0.0
13209,0.0
24870,0.0
21997,0.0
3414,0.0
14442,0.0
26082,0.0
16893,0.0
28373,1.0
26978,0.0
18324,0.0
5703,0.0
20429,0.0
24298,0.0
24553,0.0
21786,0.0
20693,0.0
17404,0.0
12548,0.0
3562,1.0
16625,0.0
16191,0.0
24571,1.0
26470,0.0
24937,0.0
28365,0.0
22134,0.0
20957,0.0
26717,0.0
15203,0.0
1275,0.0
2298,0.0
20442,0.0
17798,0.0
6554,0.0
20683,0.0
15956,0.0
23834,0.0
1349,0.0
20298,0.0
24562,0.0
11128,0.0
11824,0.0
4617,0.0
14970,0.0
6953,0.0
21187,0.0
9535,0.0
15458,0.0
27623,0.0
4324,1.0
26203,0.0
18185,0.0
11848,0.0
16051,0.0
27702,1.0
13893,0.0
3543,0.0
16106,0.0
7490,0.0
28545,0.0
9994,0.0
2422,1.0
88,0.0
23125,0.0
29483,0.0
15293,0.0
25305,0.0
23022,0.0
1357,0.0
23943,0.0
13492,0.0
24092,0.0
13288,0.0
16215,0.0
6111,0.0
4908,0.0
22232,0.0
5365,1.0
11481,0.0
775,0.0
18542,0.0
10384,0.0
6408,0.0
12525,1.0
18666,0.0
17180,0.0
8298,0.0
24081,0.0
11152,1.0
14251,0.0
22682,0.0
16199,0.0
20074,0.0
21142,0.0
11114,0.0
26811,0.0
19393,0.0
29310,0.0
27441,1.0
11075,1.0
27888,0.0
28802,0.0
1159,0.0
10763,0.0
28815,0.0
13924,0.0
24977,0.0
20262,0.0
26350,0.0
21732,0.0
10462,0.0
13421,0.0
27261,0.0
1836,0.0
19205,0.0
24871,0.0
25552,0.0
20143,0.0
15379,0.0
15010,0.0
968,0.0
20584,0.0
21992,0.0
28617,0.0
21754,0.0
5596,0.0
7220,0.0
768,0.0
29191,0.0
29960,0.0
6314,0.0
7661,1.0
29010,0.0
14402,0.0
8562,0.0
15587,0.0
17688,1.0
1900,0.0
3611,0.0
29666,1.0
28996,1.0
21154,0.0
27010,0.0
25182,0.0
7320,0.0
12536,0.0
6749,0.0
24508,0.0
14101,0.0
12257,0.0
2029,0.0
24840,0.0
1445,0.0
16693,0.0
19256,0.0
4800,0.0
7386,0.0
4760,0.0
17871,0.0
19010,0.0
17509,0.0
15134,0.0
9434,0.0
17939,0.0
24487,0.0
10577,0.0
3419,1.0
27732,0.0
14183,0.0
27750,0.0
6972,0.0
5413,0.0
17840,0.0
13128,0.0
16582,1.0
23250,0.0
15429,0.0
6181,0.0
12338,0.0
16788,0.0
18866,0.0
10879,0.0
24235,0.0
7753,0.0
21322,1.0
18806,0.0
274,0.0
9558,0.0
27450,0.0
2225,0.0
5384,0.0
13868,0.0
28400,0.0
13573,0.0
144,0.0
21863,0.0
18975,0.0
574,0.0
9849,0.0
8253,0.0
14830,0.0
14452,0.0
17414,1.0
14385,0.0
535,0.0
19266,0.0
14388,0.0
17759,0.0
5741,0.0
22981,0.0
13532,1.0
7754,0.0
29677,0.0
11505,0.0
27829,0.0
13129,0.0
22136,0.0
20572,0.0
10286,0.0
11604,0.0
12211,0.0
29825,1.0
1128,0.0
6313,0.0
9757,0.0
15418,0.0
28750,0.0
723,0.0
7035,0.0
11544,0.0
24310,0.0
4418,0.0
4794,0.0
1769,0.0
10137,0.0
10301,0.0
25940,0.0
11125,0.0
6199,0.0
17096,0.0
18977,0.0
18599,0.0
730,0.0
4866,0.0
6555,0.0
608,0.0
26095,1.0
25465,0.0
15491,0.0
18259,0.0
4840,0.0
22334,0.0
18937,0.0
6838,0.0
14602,0.0
2335,0.0
1542,0.0
14883,0.0
21811,1.0
19186,0.0
4823,0.0
16738,0.0
6230,0.0
27927,0.0
20028,0.0
587,0.0
1947,0.0
2702,0.0
5942,0.0
28360,0.0
4806,0.0
5707,0.0
18074,1.0
4102,0.0
27873,0.0
11534,0.0
26676,0.0
4941,0.0
22082,0.0
20595,0.0
1037,0.0
22384,0.0
8776,0.0
5264,0.0
22498,0.0
12995,0.0
11149,0.0
14942,1.0
828,0.0
28105,0.0
17589,0.0
24737,0.0
12967,1.0
17552,0.0
11450,0.0
1598,0.0
24988,0.0
675,0.0
722,0.0
18,0.0
4293,0.0
3494,0.0
25447,0.0
10208,0.0
8351,0.0
8554,0.0
17502,0.0
12254,0.0
18580,0.0
3490,0.0
2518,0.0
19168,0.0
1690,0.0
796,0.0
2202,0.0
15171,0.0
20757,1.0
2993,0.0
24866,0.0
4971,0.0
26913,0.0
7270,0.0
18502,0.0
20743,0.0
24087,0.0
6062,1.0
15873,0.0
24847,0.0
3621,0.0
20934,0.0
23404,0.0
955,0.0
7205,0.0
13506,0.0
27264,1.0
3861,0.0
2437,0.0
6591,0.0
27560,0.0
6511,0.0
24891,0.0
20489,0.0
21431,0.0
12607,0.0
16942,1.0
18980,0.0
4149,0.0
26696,0.0
7563,0.0
6227,0.0
27065,0.0
18210,0.0
1670,0.0
15726,0.0
3381,0.0
2171,0.0
14928,0.0
29534,0.0
815,0.0
6691,0.0
5807,0.0
24443,0.0
21030,0.0
17986,0.0
1716,0.0
13994,0.0
11587,0.0
11458,1.0
29910,0.0
5034,0.0
12410,0.0
2080,0.0
23153,0.0
24649,0.0
18974,0.0
25888,0.0
10112,0.0
8634,0.0
1701,0.0
14512,0.0
11488,0.0
20407,0.0
9537,0.0
23147,0.0
25349,0.0
17155,0.0
1803,0.0
4893,0.0
2959,0.0
18487,0.0
1330,0.0
25175,0.0
9567,0.0
19957,0.0
16163,1.0
16468,0.0
9067,1.0
561,0.0
1617,0.0
3983,0.0
20351,0.0
16996,1.0
7965,0.0
10967,0.0
760,0.0
26138,0.0
12518,0.0
21197,0.0
26817,0.0
14313,0.0
19052,0.0
14505,0.0
8166,0.0
22236,0.0
11055,0.0
2773,0.0
11944,0.0
6417,1.0
17649,0.0
1203,0.0
6861,0.0
9881,1.0
14531,0.0
28119,0.0
22742,0.0
2824,0.0
15186,1.0
24473,0.0
13530,0.0
20641,0.0
3952,0.0
3210,0.0
29726,0.0
25066,0.0
20912,0.0
4397,0.0
4137,0.0
27576,0.0
19595,0.0
2953,0.0
21562,1.0
11578,0.0
21514,1.0
390,0.0
24208,0.0
15443,0.0
16179,0.0
23675,0.0
10492,0.0
29838,0.0
18249,0.0
18711,0.0
1412,0.0
11384,0.0
22292,0.0
2128,0.0
3681,0.0
23310,0.0
26859,0.0
17393,0.0
1859,0.0
895,0.0
6576,0.0
7755,0.0
29794,0.0
22720,0.0
4464,0.0
28654,0.0
16960,0.0
22427,0.0
24175,0.0
18804,0.0
23088,1.0
27538,0.0
24108,0.0
28615,0.0
6017,0.0
15198,0.0
5112,0.0
19952,0.0
1540,0.0
26777,0.0
17174,0.0
4148,1.0
25901,0.0
25804,0.0
2264,0.0
20430,1.0
28762,0.0
15590,0.0
17159,0.0
22866,0.0
27448,0.0
5046,0.0
841,0.0
28444,0.0
4493,1.0
20784,0.0
27793,0.0
10554,1.0
20366,0.0
1776,1.0
7784,0.0
25263,1.0
21017,1.0
29779,1.0
27207,0.0
20195,0.0
7865,0.0
23500,0.0
1154,0.0
20287,0.0
13696,0.0
28959,1.0
16613,0.0
28217,0.0
14085,1.0
25575,0.0
13443,0.0
21206,0.0
28446,0.0
6217,0.0
3663,0.0
8317,0.0
1344,0.0
23866,1.0
16338,0.0
28335,0.0
14258,0.0
9397,0.0
15465,0.0
6843,1.0
19375,0.0
26245,0.0
28856,0.0
19489,1.0
14184,0.0
14739,0.0
6869,0.0
20806,0.0
871,0.0
23797,0.0
3304,0.0
6455,0.0
1347,0.0
1162,0.0
29084,0.0
20534,0.0
29507,0.0
21916,0.0
23175,0.0
23790,0.0
22683,0.0
19711,0.0
7232,0.0
19372,0.0
6264,0.0
2379,0.0
10584,0.0
7900,0.0
25859,0.0
19353,0.0
27791,0.0
2351,0.0
25529,0.0
21656,0.0
458,0.0
6968,0.0
4960,0.0
6033,0.0
12478,0.0
22858,0.0
6879,0.0
21263,0.0
14164,0.0
26162,0.0
932,0.0
7295,0.0
19772,0.0
5296,0.0
13446,0.0
23574,0.0
3014,0.0
23636,0.0
1023,0.0
8161,0.0
385,0.0
26544,0.0
13557,0.0
8405,0.0
29928,0.0
29107,0.0
16402,0.0
3135,0.0
1663,0.0
29827,0.0
1860,0.0
20604,0.0
5077,0.0
11138,0.0
19565,0.0
2658,0.0
3320,0.0
5837,0.0
20922,0.0
1042,0.0
10220,0.0
7002,0.0
19695,0.0
5449,0.0
18924,0.0
28831,0.0
8742,1.0
23021,0.0
25043,0.0
29818,1.0
2282,0.0
12075,0.0
6188,0.0
16435,0.0
6850,0.0
21542,0.0
19753,0.0
10405,0.0
10390,1.0
20217,0.0
7745,0.0
8396,0.0
18907,0.0
11037,0.0
6379,0.0
19254,0.0
26427,0.0
6171,0.0
2064,0.0
11521,0.0
21692,0.0
4413,0.0
23593,0.0
16333,0.0
6637,1.0
14632,0.0
19337,0.0
27085,0.0
22669,0.0
10114,0.0
6416,0.0
25631,0.0
36,0.0
28809,0.0
21862,0.0
6800,0.0
3124,0.0
15533,0.0
29691,0.0
26609,0.0
27561,0.0
9469,0.0
8486,0.0
9543,0.0
18637,0.0
825,0.0
16337,0.0
3545,0.0
8280,0.0
1898,0.0
20915,0.0
22986,0.0
22078,0.0
23548,0.0
5013,0.0
28492,0.0
19590,0.0
24726,0.0
9459,0.0
10282,0.0
997,0.0
9374,0.0
4940,0.0
9839,1.0
15376,0.0
380,0.0
24204,0.0
23549,0.0
14916,0.0
5367,0.0
5833,0.0
5658,0.0
207,0.0
24354,0.0
7805,0.0
18509,0.0
3739,0.0
5797,0.0
223,0.0
11614,0.0
26406,0.0
20413,0.0
7567,0.0
14980,1.0
846,0.0
5450,0.0
10714,0.0
18582,0.0
8218,0.0
128,0.0
7813,0.0
6146,0.0
25144,0.0
19973,0.0
9601,0.0
13254,1.0
4735,0.0
26134,0.0
10766,1.0
18849,0.0
3289,0.0
28045,0.0
5416,0.0
23626,0.0
24690,0.0
9364,0.0
29444,0.0
15822,0.0
21337,0.0
14373,0.0
10687,0.0
20062,0.0
19246,0.0
17669,0.0
29800,1.0
1826,0.0
4615,0.0
2438,1.0
9870,0.0
15432,0.0
9523,0.0
7744,1.0
22117,0.0
2796,0.0
3828,0.0
15842,0.0
16196,0.0
4455,0.0
21058,1.0
3898,0.0
21512,1.0
29849,1.0
1718,0.0
12228,0.0
29946,0.0
11511,1.0
29806,0.0
21699,0.0
23405,0.0
20279,0.0
18528,0.0
17731,0.0
7599,0.0
10474,0.0
11245,0.0
8023,0.0
10335,0.0
28828,0.0
14329,0.0
29330,0.0
2842,0.0
3442,0.0
15452,0.0
7426,0.0
22603,0.0
9429,0.0
9776,0.0
20991,1.0
10368,0.0
13477,0.0
9201,0.0
22254,0.0
25342,0.0
18168,0.0
4190,0.0
8205,0.0
27850,1.0
19671,0.0
28483,0.0
28379,0.0
14997,0.0
21795,0.0
21803,0.0
13935,0.0
28130,0.0
14635,0.0
24603,0.0
11123,0.0
24005,0.0
6905,0.0
28767,1.0
25591,0.0
14630,0.0
17786,1.0
8661,0.0
13715,0.0
14957,0.0
12691,0.0
3426,0.0
2610,0.0
7659,0.0
20554,0.0
28311,0.0
24956,0.0
13371,0.0
18571,0.0
14187,0.0
107,0.0
28478,0.0
29648,0.0
3690,0.0
2604,0.0
11803,1.0
19568,0.0
22867,0.0
28441,0.0
16878,0.0
215,1.0
15435,0.0
4817,0.0
25646,1.0
17802,1.0
25539,0.0
5606,0.0
28013,0.0
22179,0.0
7308,0.0
4860,0.0
25815,0.0
24516,0.0
5056,0.0
18913,0.0
13507,0.0
6803,0.0
16350,0.0
10268,0.0
29210,0.0
23075,0.0
24629,0.0
24743,0.0
12085,0.0
28577,1.0
7470,0.0
11269,0.0
430,0.0
6163,0.0
15218,0.0
29814,0.0
15436,0.0
1411,0.0
2533,0.0
23677,0.0
2832,0.0
5255,0.0
14769,0.0
14758,1.0
17849,0.0
5554,0.0
15745,0.0
1010,0.0
24093,1.0
12935,0.0
13189,0.0
4253,0.0
1899,0.0
9606,0.0
5001,0.0
20594,0.0
18702,0.0
1852,0.0
291,0.0
8223,0.0
25251,0.0
17608,0.0
19571,0.0
26239,0.0
6809,0.0
6348,0.0
549,0.0
12509,0.0
19765,0.0
27554,1.0
6542,0.0
28939,0.0
5318,0.0
11635,0.0
14774,0.0
16368,0.0
23059,0.0
13662,0.0
4913,0.0
26546,0.0
16055,0.0
19065,0.0
27238,0.0
27134,0.0
1981,0.0
12052,0.0
4334,0.0
17951,0.0
5587,0.0
16908,0.0
26909,0.0
23844,0.0
2145,1.0
4358,0.0
10233,0.0
876,0.0
23302,1.0
20147,1.0
1963,0.0
4525,0.0
24369,0.0
26455,1.0
25668,0.0
9010,0.0
5912,0.0
18372,0.0
11559,1.0
12630,0.0
24169,1.0
2431,0.0
105,1.0
10098,0.0
2417,0.0
5979,0.0
11939,0.0
20017,0.0
22452,0.0
21564,1.0
11058,0.0
5816,0.0
22611,1.0
23240,0.0
6627,0.0
20890,0.0
20809,0.0
1284,0.0
25538,0.0
12667,0.0
24376,0.0
27676,1.0
22673,0.0
24842,0.0
14566,0.0
20329,0.0
1924,0.0
25201,1.0
15045,0.0
2931,0.0
4300,0.0
10120,0.0
13228,0.0
9123,0.0
15251,1.0
2981,0.0
15195,0.0
22393,0.0
3010,0.0
15995,0.0
20285,0.0
24755,0.0
12041,0.0
23497,0.0
10902,0.0
17744,0.0
2506,0.0
27504,0.0
14865,0.0
28603,0.0
24724,0.0
11312,0.0
12384,0.0
23662,0.0
27172,0.0
23852,0.0
11594,0.0
10580,0.0
3709,0.0
14756,0.0
695,0.0
26855,0.0
10061,0.0
10059,0.0
18989,1.0
16846,0.0
10317,0.0
29975,0.0
12594,0.0
12880,0.0
5352,0.0
15047,0.0
15584,0.0
11153,0.0
12855,0.0
23879,0.0
18309,0.0
25425,0.0
9327,0.0
9349,0.0
1504,0.0
12023,0.0
14609,0.0
24383,0.0
24149,0.0
17553,0.0
29283,0.0
14846,0.0
4973,0.0
15487,0.0
21276,0.0
8170,0.0
16076,1.0
27530,0.0
2084,0.0
5015,0.0
6824,0.0
24619,0.0
443,0.0
11272,0.0
602,0.0
17118,0.0
10520,0.0
7971,0.0
27208,0.0
19509,0.0
3807,0.0
28911,0.0
21225,0.0
21220,0.0
4713,0.0
12716,0.0
2152,0.0
11057,0.0
17924,1.0
819,0.0
25098,0.0
14298,0.0
22896,0.0
17479,0.0
23602,0.0
20348,0.0
16158,1.0
10947,0.0
12930,0.0
17039,0.0
13616,0.0
17799,1.0
24371,0.0
20032,1.0
25313,0.0
142,0.0
12570,0.0
29775,0.0
24748,0.0
6956,0.0
26035,1.0
5245,0.0
3503,0.0
12262,0.0
23439,0.0
8804,0.0
11915,0.0
8225,0.0
21792,0.0
20333,0.0
1140,0.0
27547,0.0
9687,0.0
7448,1.0
19103,0.0
2946,0.0
29531,0.0
18674,0.0
6391,0.0
48,0.0
8053,0.0
22627,0.0
18123,0.0
22729,0.0
14620,0.0
21128,0.0
21402,1.0
8967,0.0
26845,0.0
24714,0.0
5818,1.0
1561,0.0
27715,0.0
25679,1.0
17415,0.0
27600,1.0
17977,0.0
3665,0.0
2404,0.0
2995,0.0
151,0.0
22003,0.0
14611,0.0
11840,0.0
27512,0.0
2574,0.0
28160,0.0
16609,0.0
17410,0.0
29642,0.0
8073,0.0
27650,0.0
5469,0.0
27809,0.0
17692,0.0
23385,0.0
6544,0.0
5907,0.0
1035,0.0
16558,0.0
20073,0.0
3142,0.0
12503,0.0
8954,0.0
14171,0.0
27842,1.0
11969,0.0
8374,0.0
20791,0.0
5955,0.0
12839,0.0
27000,0.0
17078,0.0
442,0.0
22349,0.0
21065,0.0
29559,0.0
23886,0.0
11085,0.0
19947,0.0
5672,0.0
20787,0.0
19817,0.0
16661,0.0
29524,1.0
12752,0.0
19784,0.0
7469,0.0
27052,0.0
7024,0.0
22677,0.0
22570,0.0
2150,0.0
11554,0.0
10205,0.0
27859,1.0
12889,0.0
25580,0.0
7301,0.0
8581,0.0
16790,1.0
22923,0.0
13208,0.0
20990,0.0
27232,0.0
6892,0.0
6066,1.0
5954,0.0
12467,0.0
5487,0.0
29660,0.0
866,0.0
20363,0.0
15565,0.0
13816,0.0
11296,1.0
26296,0.0
7823,0.0
4754,0.0
20775,0.0
12443,0.0
13184,0.0
27322,0.0
3333,0.0
23358,0.0
17007,0.0
1014,0.0
12840,0.0
1828,0.0
18564,0.0
1430,0.0
13058,0.0
16096,0.0
21062,0.0
11555,1.0
9712,0.0
18345,0.0
4597,0.0
28727,0.0
9940,0.0
20099,0.0
7574,0.0
25050,0.0
29062,0.0
7086,0.0
22120,1.0
7137,0.0
11996,0.0
14780,0.0
2459,0.0
16862,0.0
13211,0.0
22448,0.0
2146,0.0
1092,0.0
25431,0.0
19100,0.0
25103,1.0
6523,0.0
7891,0.0
13488,0.0
7868,0.0
29326,0.0
16670,0.0
11392,0.0
19573,0.0
25332,0.0
22328,0.0
16012,0.0
1636,0.0
13625,0.0
27242,1.0
14859,0.0
28366,0.0
20327,0.0
28983,0.0
17934,0.0
25010,0.0
20982,0.0
7485,1.0
7218,0.0
27978,0.0
13195,0.0
15815,0.0
5635,0.0
9614,1.0
18923,0.0
18659,1.0
6856,0.0
19576,0.0
23081,0.0
267,0.0
366,0.0
7800,0.0
29999,0.0
28425,0.0
26829,0.0
23929,0.0
4682,0.0
27424,0.0
94,0.0
29945,1.0
18759,0.0
25012,0.0
4536,0.0
8591,0.0
10887,0.0
25088,0.0
20754,0.0
7445,0.0
9824,0.0
5614,0.0
15227,1.0
4035,0.0
7095,0.0
8258,0.0
4450,0.0
3615,0.0
2736,0.0
25132,0.0
1066,0.0
20911,0.0
3451,0.0
2537,0.0
403,0.0
27882,0.0
27866,0.0
9582,0.0
8411,0.0
23455,0.0
19939,0.0
11873,0.0
11955,0.0
1641,0.0
9778,0.0
18612,0.0
21264,0.0
20601,0.0
21254,0.0
25089,0.0
13885,0.0
3552,0.0
18662,0.0
18868,1.0
13583,0.0
1312,1.0
18253,0.0
6951,0.0
3202,0.0
7894,0.0
19126,0.0
17431,0.0
18209,0.0
1371,0.0
27032,0.0
8468,1.0
15547,0.0
1436,1.0
11106,0.0
27931,1.0
5065,0.0
13412,0.0
24102,0.0
957,0.0
14428,0.0
6365,0.0
17709,0.0
28057,0.0
24248,0.0
628,0.0
28830,0.0
9270,0.0
6456,0.0
18970,0.0
3499,0.0
3032,0.0
8235,0.0
1218,0.0
11659,1.0
8424,0.0
26635,0.0
979,0.0
1033,0.0
18638,0.0
21040,0.0
20045,0.0
26513,0.0
17124,0.0
13155,0.0
26879,0.0
4848,0.0
26662,0.0
6641,0.0
23351,0.0
27872,0.0
15636,0.0
16702,0.0
26741,0.0
2124,0.0
7312,0.0
24881,0.0
8475,0.0
27227,0.0
24976,0.0
24211,0.0
18400,0.0
10049,0.0
20717,0.0
20463,0.0
20973,0.0
1725,0.0
28300,0.0
2638,0.0
14791,0.0
21555,0.0
7381,0.0
12953,1.0
3475,0.0
14180,0.0
2579,0.0
1089,0.0
1797,0.0
17462,0.0
18252,0.0
4977,0.0
8574,0.0
10928,0.0
19631,0.0
19661,0.0
1672,0.0
7229,0.0
5302,0.0
2937,0.0
6477,0.0
19629,0.0
18275,0.0
15380,0.0
24066,0.0
20455,0.0
13656,1.0
13812,0.0
1457,0.0
5007,0.0
15401,0.0
14395,0.0
5062,0.0
2791,0.0
27213,0.0
19638,1.0
4603,0.0
11622,0.0
9018,1.0
9298,0.0
22918,0.0
19215,1.0
4181,0.0
11094,0.0
9562,0.0
18395,0.0
26467,0.0
7835,0.0
10570,0.0
18384,0.0
29686,0.0
20904,1.0
14226,1.0
23902,0.0
21470,0.0
19011,0.0
13273,0.0
4342,0.0
28191,0.0
7498,0.0
22950,0.0
25294,0.0
25105,0.0
9017,1.0
7897,0.0
971,0.0
21617,0.0
26005,0.0
28278,0.0
23664,0.0
18179,0.0
2439,0.0
22169,0.0
13090,0.0
17516,0.0
7227,0.0
2085,0.0
29830,0.0
4234,0.0
25902,0.0
8464,0.0
10465,0.0
10165,0.0
20207,1.0
19672,0.0
23180,0.0
23622,0.0
26291,0.0
24818,1.0
2059,0.0
25667,0.0
20810,0.0
2184,0.0
28296,0.0
9432,0.0
16565,0.0
25245,0.0
29433,1.0
28488,0.0
10532,0.0
15131,0.0
9266,0.0
22246,1.0
23864,1.0
4830,0.0
14522,0.0
25692,0.0
15813,0.0
4080,0.0
4162,0.0
3595,0.0
15659,0.0
20399,0.0
28843,0.0
9040,0.0
24432,0.0
24389,0.0
23507,0.0
14817,0.0
14518,0.0
5670,1.0
15178,0.0
8433,0.0
7664,0.0
8933,0.0
22599,0.0
13438,0.0
21182,0.0
17207,0.0
25650,0.0
7145,1.0
20978,1.0
3495,0.0
19542,0.0
14378,0.0
9291,0.0
17129,0.0
2048,0.0
21939,0.0
7261,0.0
22552,0.0
1661,0.0
19522,0.0
15868,1.0
15753,1.0
12986,0.0
13618,0.0
12131,0.0
2599,0.0
10240,0.0
4355,0.0
28210,0.0
15188,0.0
17296,0.0
10916,0.0
11063,0.0
3083,0.0
25131,0.0
8730,0.0
188,1.0
18084,0.0
29968,0.0
19788,0.0
22315,0.0
9835,0.0
27358,0.0
21536,0.0
10473,0.0
26012,0.0
4655,0.0
6634,0.0
400,1.0
4834,0.0
17702,0.0
23720,0.0
19024,1.0
9324,0.0
26280,0.0
29564,0.0
13141,0.0
4064,0.0
20940,0.0
13996,0.0
5052,0.0
19152,0.0
12236,1.0
8079,0.0
29556,0.0
7700,0.0
9914,1.0
21662,0.0
29199,0.0
17125,0.0
21882,0.0
10429,0.0
21409,0.0
4192,0.0
20086,0.0
29425,0.0
1394,0.0
23070,0.0
12101,0.0
22222,0.0
22348,0.0
24627,0.0
12965,0.0
4777,0.0
20018,0.0
13096,0.0
7182,0.0
27498,0.0
12235,0.0
16091,0.0
4872,0.0
7444,1.0
21293,0.0
6500,0.0
10423,0.0
25933,0.0
8241,0.0
28629,0.0
16186,0.0
26083,0.0
13598,0.0
4370,0.0
27989,0.0
17562,0.0
9598,0.0
11079,1.0
9834,0.0
11584,0.0
28986,0.0
16118,0.0
7724,0.0
11956,0.0
2070,0.0
26683,0.0
29750,0.0
9815,0.0
20204,0.0
17052,0.0
24386,0.0
5244,0.0
10100,0.0
21073,0.0
5150,0.0
11577,0.0
15616,1.0
1907,0.0
20376,0.0
14720,0.0
14671,0.0
22650,0.0
13112,0.0
19782,0.0
1192,0.0
28477,0.0
20124,0.0
7931,0.0
26646,0.0
30000,0.0
6011,0.0
16327,0.0
12612,0.0
15230,0.0
24017,0.0
3384,0.0
12218,0.0
8128,0.0
23421,0.0
24124,0.0
21819,0.0
21045,0.0
4303,0.0
12665,0.0
13866,0.0
8340,0.0
7296,0.0
18883,0.0
10060,0.0
3332,0.0
5888,0.0
17761,0.0
28776,0.0
16181,0.0
19458,0.0
41,0.0
22093,0.0
6934,0.0
21283,0.0
392,0.0
2732,0.0
11096,0.0
11109,0.0
28221,1.0
7654,0.0
29915,0.0
8239,1.0
4906,0.0
26394,0.0
10090,0.0
1644,0.0
6653,0.0
14483,0.0
15441,0.0
16083,1.0
8977,0.0
9170,0.0
23659,0.0
6992,0.0
14963,0.0
11001,0.0
11599,0.0
8181,0.0
8064,1.0
10363,0.0
5397,0.0
27642,0.0
17568,0.0
29783,0.0
18776,0.0
25166,0.0
2302,0.0
23632,0.0
1282,0.0
27117,0.0
15769,0.0
16253,0.0
19705,0.0
5790,0.0
6100,0.0
4756,0.0
14323,0.0
24085,0.0
23320,0.0
1777,0.0
11100,0.0
12307,0.0
27688,0.0
17249,0.0
7792,0.0
8307,0.0
2919,0.0
16411,0.0
25325,0.0
15948,1.0
12405,0.0
8818,0.0
4396,0.0
6090,0.0
14131,0.0
15926,0.0
29880,0.0
3441,0.0
20605,0.0
22998,0.0
24684,0.0
11515,0.0
28236,0.0
1793,0.0
7996,0.0
21631,0.0
19170,0.0
8310,0.0
16668,0.0
2173,0.0
4117,0.0
22230,0.0
13309,0.0
27760,1.0
26592,0.0
16984,0.0
27898,0.0
25328,0.0
29280,0.0
18406,0.0
12300,0.0
12680,0.0
1174,0.0
20326,0.0
6689,0.0
28030,0.0
19293,0.0
5810,0.0
23207,0.0
1820,0.0
8480,0.0
17429,0.0
7864,0.0
3829,0.0
8632,0.0
8936,0.0
6922,0.0
6937,0.0
20311,0.0
2398,0.0
29406,0.0
5661,0.0
23972,0.0
26204,0.0
29180,0.0
25534,0.0
12389,0.0
18717,0.0
5385,0.0
29518,0.0
23029,0.0
10041,0.0
5976,0.0
12656,0.0
25258,1.0
25995,0.0
16763,1.0
20121,0.0
21691,0.0
25782,0.0
9261,0.0
15916,0.0
14240,0.0
2635,0.0
544,0.0
29388,0.0
28231,0.0
15757,0.0
15629,0.0
29498,0.0
20656,0.0
21358,0.0
16269,0.0
23069,0.0
10844,0.0
17706,0.0
10113,0.0
1744,0.0
15280,0.0
4631,0.0
24855,0.0
10257,0.0
14046,0.0
12127,0.0
19180,0.0
4426,0.0
21472,0.0
15248,0.0
5981,0.0
5532,0.0
29005,1.0
28919,0.0
24901,0.0
20046,0.0
3016,0.0
23575,0.0
22593,0.0
2213,0.0
27318,0.0
7151,0.0
13685,0.0
22387,1.0
16993,0.0
14953,0.0
28628,0.0
22077,0.0
17592,1.0
2265,0.0
19851,0.0
21086,0.0
28908,0.0
18029,0.0
21738,0.0
7389,0.0
27278,0.0
24725,0.0
7106,0.0
24331,0.0
26923,0.0
6812,0.0
29936,0.0
11219,0.0
23295,0.0
26355,0.0
4930,0.0
18518,0.0
23162,0.0
3031,0.0
24547,0.0
25123,0.0
10974,0.0
27431,0.0
1242,0.0
5408,0.0
13201,0.0
6273,0.0
11665,0.0
3846,0.0
2970,0.0
16112,0.0
19741,0.0
12396,0.0
13358,0.0
1877,0.0
29465,0.0
25159,0.0
19980,0.0
15367,0.0
17080,0.0
19734,0.0
27753,0.0
18892,0.0
14827,0.0
22149,0.0
4375,1.0
11490,0.0
24495,0.0
29543,0.0
23364,0.0
7043,0.0
463,0.0
4386,0.0
24071,0.0
3998,0.0
15503,0.0
23730,0.0
10503,0.0
461,0.0
16088,0.0
10075,0.0
25449,0.0
26791,0.0
9719,0.0
2058,0.0
18843,0.0
27175,0.0
26432,0.0
24037,0.0
27685,0.0
27819,0.0
11872,0.0
20919,0.0
13619,0.0
10287,0.0
11113,0.0
17346,0.0
4568,0.0
27534,0.0
11460,0.0
19077,0.0
475,0.0
19407,0.0
20975,0.0
17660,0.0
29948,0.0
11350,0.0
20173,0.0
29961,0.0
22775,0.0
16166,0.0
13101,0.0
19709,0.0
13529,1.0
10927,0.0
182,0.0
27901,0.0
8814,0.0
7809,0.0
21622,0.0
22475,0.0
18494,0.0
10415,0.0
5858,0.0
7967,0.0
16948,0.0
3127,1.0
22591,0.0
11235,0.0
4223,0.0
4436,0.0
28627,0.0
2478,0.0
6081,0.0
26017,0.0
16884,0.0
6515,0.0
21344,0.0
28114,0.0
1060,1.0
21625,0.0
28891,0.0
11888,0.0
6819,0.0
26294,0.0
27821,0.0
9358,0.0
10408,0.0
20291,1.0
20058,0.0
17057,0.0
19877,0.0
25827,0.0
17514,0.0
25695,0.0
1232,0.0
13960,0.0
26626,0.0
11090,0.0
4492,0.0
24663,0.0
28644,0.0
2721,0.0
19456,0.0
18180,0.0
4831,0.0
25786,0.0
7173,0.0
472,0.0
17284,0.0
9414,1.0
29523,0.0
21675,0.0
21122,0.0
19533,1.0
5482,0.0
26933,0.0
17312,0.0
13879,0.0
2973,0.0
38,0.0
18752,0.0
8674,0.0
8738,0.0
25604,0.0
7586,0.0
2094,0.0
23950,0.0
16382,0.0
9970,0.0
27346,0.0
16061,0.0
17119,0.0
25582,0.0
18447,0.0
5585,0.0
19228,0.0
2244,1.0
9755,0.0
12133,0.0
10404,0.0
11595,0.0
7830,0.0
7223,0.0
22163,0.0
23889,0.0
26307,0.0
2000,0.0
925,0.0
21586,0.0
21129,0.0
16564,0.0
12188,0.0
4828,0.0
3407,0.0
10829,0.0
6741,0.0
22885,0.0
21139,0.0
7987,0.0
23818,0.0
17495,0.0
3002,0.0
16189,1.0
21034,1.0
21568,0.0
26517,0.0
25438,0.0
28318,0.0
21713,0.0
13278,0.0
25424,0.0
23983,0.0
25619,0.0
16387,0.0
28818,0.0
9457,0.0
25533,1.0
18417,0.0
7678,0.0
16874,0.0
5555,0.0
22131,0.0
24647,0.0
2799,0.0
6881,0.0
5848,0.0
12550,0.0
24563,0.0
11852,0.0
7258,0.0
5982,0.0
20182,0.0
18938,0.0
17195,0.0
16203,0.0
18355,0.0
20788,0.0
8252,0.0
15543,0.0
20241,0.0
3688,0.0
29318,0.0
25122,1.0
27315,0.0
870,0.0
11382,0.0
12560,0.0
8363,0.0
20927,0.0
14677,0.0
24011,0.0
1466,0.0
27675,0.0
22105,0.0
15110,0.0
2063,0.0
6265,0.0
23209,0.0
23341,0.0
7887,0.0
13749,0.0
21404,0.0
8092,0.0
29682,0.0
5485,0.0
13587,0.0
10319,0.0
17022,0.0
4045,0.0
27828,0.0
18640,0.0
17141,1.0
3792,0.0
175,0.0
28328,0.0
6747,0.0
1785,0.0
27127,0.0
19194,0.0
24448,0.0
1065,1.0
5859,0.0
4028,1.0
11180,0.0
22429,0.0
11352,0.0
29000,0.0
8736,0.0
12637,0.0
19662,0.0
21671,0.0
9932,0.0
10323,0.0
15568,0.0
26714,0.0
27230,0.0
12423,0.0
27070,0.0
18015,0.0
1182,1.0
16546,0.0
12462,0.0
14444,0.0
5057,1.0
13094,0.0
14654,0.0
24581,0.0
13870,0.0
26104,0.0
377,0.0
22656,0.0
17214,0.0
4678,0.0
21791,0.0
106,0.0
23491,0.0
20409,1.0
24872,0.0
11813,0.0
14668,0.0
5474,0.0
12913,0.0
7674,0.0
22505,0.0
8090,1.0
16226,0.0
466,0.0
17226,0.0
25865,0.0
1960,0.0
4474,0.0
18330,0.0
2424,0.0
16079,0.0
16844,0.0
25983,1.0
16514,0.0
25524,0.0
29780,0.0
177,0.0
28198,0.0
13106,0.0
11916,0.0
28726,0.0
12804,0.0
4870,0.0
10767,0.0
5411,0.0
13520,0.0
21859,0.0
27575,0.0
18060,0.0
20558,0.0
29980,0.0
9785,0.0
5592,0.0
14016,0.0
22415,0.0
256,0.0
15467,1.0
5879,0.0
25270,0.0
25034,0.0
16820,0.0
19481,0.0
2742,0.0
10393,0.0
18124,0.0
11992,0.0
17797,0.0
6929,0.0
25578,0.0
23335,0.0
19583,0.0
2671,0.0
3440,0.0
16438,0.0
11432,0.0
20033,0.0
11588,0.0
1173,0.0
27430,0.0
13381,0.0
29748,0.0
27423,0.0
20543,0.0
22074,0.0
2503,0.0
8725,0.0
6820,0.0
6445,0.0
21986,0.0
413,0.0
20396,1.0
15377,0.0
25602,0.0
17432,1.0
10278,0.0
26115,0.0
17048,0.0
18063,1.0
26729,0.0
23577,0.0
26326,0.0
15723,0.0
27077,0.0
10211,0.0
27399,0.0
14589,1.0
1680,0.0
15183,0.0
8755,0.0
21751,0.0
29295,0.0
5514,0.0
5857,0.0
7462,0.0
25298,0.0
6678,0.0
29983,0.0
24849,0.0
20762,0.0
16526,0.0
4111,0.0
21761,0.0
21011,0.0
1941,0.0
21099,0.0
19129,0.0
14545,0.0
8543,1.0
2779,0.0
17658,0.0
9015,0.0
651,0.0
26362,0.0
7331,0.0
28274,0.0
3482,0.0
27017,0.0
2692,0.0
14699,0.0
23236,0.0
18503,0.0
23422,0.0
630,0.0
1440,0.0
19226,0.0
24481,0.0
23706,0.0
9851,0.0
5794,0.0
22913,0.0
21133,0.0
15996,0.0
7944,0.0
21551,0.0
12097,1.0
22692,0.0
11640,0.0
10088,0.0
28689,0.0
19669,0.0
23847,0.0
18954,0.0
12032,0.0
10159,0.0
22462,0.0
10296,0.0
13069,0.0
533,0.0
28178,0.0
12700,0.0
21109,0.0
10654,0.0
11802,0.0
22987,0.0
6491,0.0
24013,1.0
12563,0.0
11006,0.0
9360,0.0
16121,0.0
28692,0.0
4634,0.0
22156,0.0
9427,0.0
2308,0.0
824,0.0
25522,0.0
4851,0.0
16919,0.0
11552,0.0
23432,0.0
17428,0.0
7346,0.0
8370,0.0
4691,0.0
18357,0.0
7541,0.0
29934,0.0
23887,0.0
63,1.0
4635,0.0
16888,0.0
21867,0.0
25011,0.0
12645,1.0
22212,0.0
29260,0.0
13390,0.0
14457,0.0
3586,0.0
3541,0.0
17783,0.0
25151,0.0
20763,0.0
5945,0.0
6340,0.0
29886,0.0
19042,0.0
17117,0.0
4193,1.0
3523,0.0
24068,0.0
19861,0.0
28816,1.0
9720,0.0
12165,0.0
4694,0.0
17704,0.0
4751,0.0
13281,0.0
5844,0.0
26269,0.0
17793,0.0
12447,0.0
28135,0.0
23947,0.0
16835,0.0
9891,0.0
21563,0.0
2015,0.0
29791,0.0
14564,0.0
13120,0.0
23855,0.0
17408,0.0
1534,0.0
14270,0.0
27596,0.0
11778,0.0
6190,0.0
23867,0.0
29305,0.0
24745,0.0
17958,0.0
6647,0.0
21616,0.0
22966,0.0
5456,0.0
5733,0.0
21764,0.0
3175,0.0
16090,0.0
20985,0.0
28313,0.0
16503,0.0
22316,0.0
12830,0.0
14451,0.0
24170,0.0
16801,0.0
24278,0.0
25779,0.0
27018,0.0
24452,0.0
21291,0.0
8598,0.0
3355,0.0
16032,0.0
22746,0.0
18709,0.0
23598,0.0
23111,0.0
24396,1.0
16130,0.0
26603,0.0
427,1.0
28528,0.0
5599,0.0
17018,0.0
18976,0.0
16549,0.0
26222,0.0
19451,0.0
7544,0.0
10945,0.0
26117,0.0
19056,1.0
29864,0.0
8889,0.0
14368,1.0
26645,0.0
14201,0.0
8853,0.0
15902,0.0
16677,0.0
8793,0.0
11299,0.0
20023,0.0
3832,0.0
13256,0.0
27817,0.0
27076,0.0
27415,0.0
9309,0.0
29103,0.0
5091,0.0
3172,0.0
4002,0.0
26974,0.0
5491,0.0
2781,0.0
7341,0.0
18636,0.0
28834,0.0
27798,0.0
8216,0.0
3505,0.0
19410,0.0
484,0.0
9310,0.0
56,0.0
14734,1.0
21760,0.0
28082,1.0
1095,0.0
17670,0.0
7992,0.0
21875,0.0
24077,0.0
29540,0.0
7398,0.0
6866,0.0
19449,0.0
10975,1.0
18208,0.0
7330,0.0
18128,0.0
8666,0.0
20530,0.0
8137,0.0
26598,0.0
22359,0.0
23399,0.0
10226,0.0
25001,0.0
3627,0.0
14133,1.0
13710,0.0
12021,0.0
17324,1.0
4873,0.0
25943,0.0
9458,1.0
4600,0.0
2856,0.0
3424,0.0
12812,1.0
4151,0.0
4258,0.0
23355,0.0
28279,0.0
18985,0.0
27082,0.0
2889,0.0
8476,0.0
22399,0.0
24620,0.0
17026,0.0
902,0.0
4651,0.0
23380,0.0
18427,0.0
13032,0.0
24229,0.0
8969,0.0
19777,0.0
5088,0.0
9426,0.0
12172,0.0
29581,0.0
23458,0.0
11651,0.0
15628,0.0
26711,0.0
16610,0.0
16378,0.0
6424,0.0
17113,0.0
25434,1.0
12413,0.0
3443,0.0
756,0.0
12404,0.0
19658,0.0
3039,0.0
25167,0.0
8381,0.0
1047,0.0
8210,0.0
20704,0.0
3287,0.0
4281,0.0
14714,0.0
23633,0.0
16211,0.0
17992,0.0
20014,0.0
26065,0.0
27622,0.0
26151,1.0
27195,0.0
795,0.0
25271,0.0
24750,0.0
19692,0.0
4524,0.0
13180,0.0
19480,0.0
27574,0.0
786,0.0
6943,0.0
5211,0.0
5603,0.0
21467,0.0
28955,0.0
15919,0.0
24061,0.0
15162,0.0
3474,0.0
10850,0.0
19202,0.0
880,1.0
17319,1.0
20517,0.0
26113,0.0
17663,0.0
22447,0.0
10973,0.0
7743,0.0
12422,0.0
13797,0.0
1870,1.0
20202,0.0
22488,0.0
2510,1.0
20897,0.0
34,0.0
14162,0.0
25841,0.0
1657,0.0
16297,0.0
24973,0.0
8202,0.0
345,0.0
4899,0.0
4676,0.0
16617,0.0
10076,0.0
11980,0.0
22841,0.0
6763,0.0
15175,0.0
12333,0.0
22481,0.0
2942,0.0
1226,0.0
14870,0.0
13838,0.0
14719,0.0
28806,0.0
19864,0.0
21223,0.0
23850,0.0
22486,0.0
8404,0.0
6577,0.0
24220,0.0
19030,1.0
17975,0.0
8320,0.0
15454,0.0
15528,0.0
26229,0.0
17411,0.0
12045,0.0
5022,0.0
21972,0.0
9379,0.0
769,0.0
23552,0.0
19317,0.0
13441,1.0
21386,0.0
26146,0.0
3858,0.0
29071,0.0
12284,0.0
29144,0.0
19073,0.0
631,0.0
6538,0.0
12777,0.0
26660,0.0
1794,0.0
12760,0.0
26457,0.0
14527,0.0
10435,0.0
9023,0.0
5380,0.0
29111,0.0
15116,0.0
13533,0.0
13684,0.0
13125,0.0
14217,0.0
13502,0.0
21394,0.0
4239,0.0
15891,1.0
9420,0.0
5993,0.0
24368,0.0
26581,0.0
9288,0.0
27149,0.0
1337,1.0
4985,0.0
28888,0.0
6418,0.0
18949,0.0
20836,0.0
29573,0.0
27391,0.0
5985,0.0
24327,0.0
19954,0.0
24805,0.0
20123,0.0
14890,0.0
26006,0.0
24602,1.0
18359,0.0
20828,0.0
19810,0.0
21323,0.0
29661,0.0
6449,0.0
6533,0.0
13556,0.0
28126,0.0
3418,0.0
8571,0.0
19385,0.0
18297,0.0
6361,0.0
4337,1.0
25635,0.0
5742,0.0
20807,0.0
25378,0.0
28952,0.0
29067,0.0
18669,0.0
24687,0.0
19778,0.0
16404,0.0
19831,0.0
24051,0.0
7938,0.0
28680,0.0
2925,0.0
6286,0.0
12289,0.0
24232,0.0
10963,0.0
3218,0.0
14067,0.0
28203,0.0
27324,0.0
6042,0.0
9600,0.0
16020,0.0
11539,0.0
6980,0.0
16474,0.0
21887,0.0
5728,0.0
29050,0.0
2255,0.0
2135,1.0
3335,0.0
9949,0.0
15390,0.0
29472,0.0
19025,0.0
26627,0.0
18606,0.0
16109,0.0
7142,0.0
16143,0.0
24537,0.0
17483,0.0
22201,0.0
15687,0.0
12096,0.0
22506,0.0
17726,0.0
22495,0.0
4103,0.0
13041,0.0
19214,0.0
20958,0.0
8896,0.0
23672,0.0
2901,0.0
18232,0.0
10669,0.0
18683,0.0
6742,0.0
29865,0.0
10806,0.0
24357,0.0
21309,0.0
8839,0.0
10395,0.0
29675,0.0
11354,0.0
19044,0.0
6744,0.0
19381,0.0
5917,0.0
11809,0.0
12292,0.0
19609,0.0
17242,0.0
767,0.0
19196,0.0
24628,1.0
7101,0.0
22761,0.0
28642,0.0
6035,0.0
26629,0.0
506,0.0
20319,1.0
26053,0.0
1684,0.0
10509,0.0
7069,1.0
25634,1.0
29696,0.0
11998,0.0
26757,0.0
29539,1.0
2800,0.0
28572,0.0
12833,0.0
26268,0.0
29172,0.0
7399,0.0
22248,0.0
17628,0.0
9624,0.0
22601,0.0
15353,0.0
14357,0.0
15732,0.0
5510,0.0
16940,0.0
3687,1.0
28237,0.0
514,1.0
16913,0.0
14885,0.0
18953,0.0
12566,0.0
29667,0.0
25113,0.0
14801,0.0
25951,0.0
13850,0.0
24117,0.0
26832,0.0
25734,0.0
7325,0.0
3522,0.0
25627,0.0
17234,0.0
1742,0.0
24258,0.0
11048,0.0
21267,1.0
24779,0.0
2329,0.0
7251,0.0
6330,0.0
23037,0.0
29346,0.0
29003,0.0
17093,0.0
23004,0.0
29969,0.0
1728,0.0
24392,0.0
17358,0.0
21118,0.0
10684,0.0
10154,0.0
942,0.0
2378,0.0
9869,1.0
24466,0.0
17348,0.0
22704,0.0
23275,0.0
7080,0.0
19636,0.0
9823,0.0
17868,0.0
22307,0.0
20467,0.0
25961,0.0
8265,0.0
29109,0.0
1237,0.0
618,0.0
28463,0.0
9388,0.0
26009,0.0
24877,1.0
8897,0.0
13721,0.0
28933,0.0
21913,0.0
15347,0.0
26158,0.0
13549,0.0
20127,0.0
9050,0.0
19311,0.0
2118,0.0
5569,0.0
14968,0.0
26123,0.0
1034,0.0
21685,0.0
15094,0.0
25654,0.0
10123,0.0
17790,0.0
24895,0.0
28498,0.0
525,0.0
14403,0.0
6150,0.0
2355,0.0
16243,0.0
5887,0.0
198,0.0
28673,0.0
11833,0.0
6789,0.0
912,0.0
22376,0.0
7116,0.0
13666,0.0
12374,0.0
16140,0.0
29399,0.0
25673,0.0
189,0.0
28306,0.0
5950,0.0
26175,0.0
6701,1.0
11431,0.0
2382,0.0
29299,0.0
5101,0.0
901,0.0
22497,0.0
27988,0.0
14647,0.0
130,1.0
8062,0.0
24150,0.0
9308,0.0
18921,0.0
28,0.0
20627,0.0
12293,0.0
2905,0.0
24114,0.0
23406,0.0
16786,0.0
8446,0.0
11617,1.0
10911,0.0
11573,0.0
18466,0.0
29060,0.0
562,0.0
18439,0.0
16980,0.0
7761,0.0
22130,0.0
1376,0.0
22971,0.0
26881,0.0
29687,0.0
20369,0.0
7760,0.0
13027,0.0
15986,0.0
6304,0.0
18545,0.0
5251,0.0
12348,0.0
10377,0.0
25977,0.0
28650,0.0
13669,0.0
22490,0.0
21147,0.0
21666,0.0
28500,0.0
5649,0.0
25371,0.0
1107,0.0
5121,0.0
13578,0.0
10893,0.0
25450,0.0
22322,0.0
10332,0.0
13463,0.0
11720,1.0
24548,0.0
19873,0.0
606,0.0
750,1.0
6156,0.0
5253,0.0
28390,0.0
27807,0.0
28324,1.0
6731,0.0
16045,0.0
4257,0.0
6240,0.0
10832,0.0
6823,0.0
15752,1.0
3557,0.0
18394,1.0
3147,0.0
28678,0.0
16548,0.0
14689,0.0
7836,0.0
8909,0.0
15945,0.0
19682,0.0
28930,0.0
9622,0.0
3484,0.0
26034,0.0
29322,0.0
12659,0.0
29082,0.0
7479,0.0
11698,0.0
5847,0.0
25036,0.0
14470,0.0
12722,0.0
25852,0.0
13398,0.0
11291,0.0
7981,0.0
22115,0.0
27595,0.0
881,0.0
19964,0.0
8691,0.0
9369,0.0
376,0.0
8027,0.0
9013,0.0
17501,0.0
1018,1.0
5551,0.0
20233,0.0
2491,0.0
10266,0.0
26492,0.0
19298,0.0
20288,0.0
4771,0.0
26461,0.0
10901,0.0
22712,0.0
9514,0.0
13162,0.0
28998,0.0
26534,0.0
4126,0.0
5734,0.0
6236,0.0
29463,0.0
11383,0.0
19362,0.0
19125,0.0
25421,0.0
11777,0.0
10639,0.0
1462,0.0
20692,0.0
22161,0.0
9066,0.0
28659,0.0
20336,1.0
11158,0.0
19222,0.0
18768,0.0
12872,0.0
27111,0.0
23944,0.0
11401,0.0
20538,0.0
8397,0.0
15693,0.0
21295,0.0
11195,0.0
5002,0.0
2368,0.0
13323,0.0
27274,0.0
7833,0.0
29486,0.0
9108,1.0
12977,0.0
9899,0.0
3078,0.0
3913,0.0
25403,0.0
8255,0.0
22394,0.0
1186,0.0
12035,0.0
3569,0.0
25531,1.0
4448,1.0
19128,0.0
27054,1.0
26742,0.0
14599,1.0
11774,0.0
29781,0.0
12674,1.0
14987,0.0
21477,0.0
19585,0.0
20979,0.0
21096,0.0
21384,0.0
4041,0.0
8327,0.0
21100,0.0
22800,0.0
23080,0.0
7388,0.0
9717,0.0
5956,0.0
29514,0.0
20337,0.0
13771,0.0
13393,0.0
18137,0.0
10110,0.0
16519,0.0
10773,0.0
26142,0.0
20774,0.0
23814,0.0
14683,0.0
3366,0.0
4594,0.0
28145,0.0
26509,0.0
3021,0.0
9908,0.0
11890,0.0
849,1.0
5548,0.0
17735,0.0
15985,0.0
15225,0.0
25451,0.0
960,0.0
8834,0.0
5782,0.0
6210,0.0
19881,0.0
13467,0.0
16451,0.0
6004,0.0
2504,0.0
12778,0.0
4569,0.0
2062,0.0
4165,0.0
22402,1.0
19858,0.0
7734,0.0
4999,0.0
23572,0.0
16891,0.0
16629,0.0
1603,0.0
1197,0.0
10847,0.0
1458,0.0
702,0.0
10080,0.0
9883,0.0
25126,0.0
8238,0.0
22909,0.0
21389,0.0
5868,1.0
3677,0.0
10756,0.0
12543,0.0
23482,0.0
28456,0.0
14588,1.0
15095,0.0
12129,0.0
27241,0.0
9980,1.0
21614,0.0
11979,0.0
23277,0.0
793,0.0
12268,0.0
21965,0.0
2475,0.0
8473,0.0
29421,0.0
11676,0.0
20716,0.0
17150,0.0
17999,0.0
18277,0.0
2754,0.0
20832,0.0
25754,0.0
1096,0.0
18783,0.0
13121,0.0
5372,1.0
21588,0.0
18274,0.0
11188,0.0
7243,0.0
3925,0.0
18816,0.0
25701,0.0
8807,0.0
25610,0.0
1884,0.0
27007,0.0
28883,0.0
9702,0.0
2943,0.0
8078,0.0
509,0.0
4319,0.0
28586,0.0
5688,0.0
11049,0.0
21999,0.0
5483,0.0
9000,0.0
28332,0.0
5750,0.0
14243,0.0
23978,0.0
1699,0.0
11949,0.0
18041,0.0
23842,0.0
7535,0.0
16686,0.0
26804,0.0
858,1.0
13970,0.0
25682,0.0
10235,0.0
3764,0.0
24665,0.0
16428,0.0
20759,0.0
1118,0.0
13518,0.0
3346,0.0
27740,0.0
9681,1.0
29289,0.0
17355,0.0
15476,1.0
19948,1.0
12622,0.0
9748,0.0
15803,0.0
23303,0.0
6752,0.0
25183,1.0
8138,0.0
15097,0.0
21053,1.0
19679,0.0
25020,0.0
23229,0.0
11003,0.0
5093,0.0
27275,0.0
9465,0.0
11359,0.0
17427,0.0
4613,0.0
1108,0.0
26392,0.0
5233,0.0
9585,1.0
4508,1.0
29453,0.0
3975,0.0
29689,1.0
5118,0.0
9250,0.0
2676,0.0
12725,0.0
25963,0.0
23630,0.0
99,0.0
7843,0.0
2877,0.0
26559,0.0
2208,0.0
17564,0.0
20302,0.0
7854,0.0
14430,0.0
25788,0.0
19628,0.0
28517,0.0
4218,0.0
14950,0.0
16492,0.0
15373,0.0
3044,1.0
2191,0.0
993,0.0
20551,0.0
1105,1.0
10592,0.0
11418,0.0
9816,0.0
2088,0.0
21241,0.0
26789,0.0
17402,0.0
3486,0.0
3240,0.0
20335,0.0
19136,0.0
6735,0.0
5604,0.0
24678,0.0
22958,0.0
1920,0.0
3863,0.0
328,1.0
1455,0.0
10018,1.0
137,0.0
19280,0.0
29115,0.0
1517,0.0
8259,0.0
2026,1.0
20277,0.0
6352,1.0
22403,0.0
4473,0.0
20715,0.0
24453,0.0
10597,0.0
20609,0.0
7306,0.0
20521,0.0
24735,0.0
17375,1.0
27909,0.0
4585,0.0
10825,0.0
7050,0.0
17908,0.0
20603,0.0
6380,0.0
8758,0.0
25766,0.0
28774,0.0
27662,0.0
4152,0.0
11596,0.0
29669,1.0
23493,0.0
12303,1.0
10224,0.0
3896,0.0
23318,0.0
1664,0.0
8427,0.0
15057,0.0
24702,0.0
2962,0.0
4549,0.0
11225,0.0
2977,0.0
29160,0.0
23784,0.0
1925,0.0
22612,0.0
20669,1.0
23328,0.0
22113,0.0
5724,1.0
3145,0.0
8965,0.0
8560,0.0
11742,0.0
13216,0.0
16554,0.0
7159,0.0
17079,0.0
10232,0.0
6446,0.0
9064,0.0
18265,0.0
14170,0.0
4401,0.0
6243,0.0
5138,0.0
983,0.0
16507,0.0
23700,0.0
11254,0.0
1351,0.0
13093,1.0
17264,0.0
12826,0.0
6551,0.0
9577,0.0
13136,0.0
27166,0.0
25240,0.0
19863,0.0
16357,0.0
4357,0.0
16081,0.0
15980,0.0
25092,0.0
9265,0.0
3603,0.0
16276,0.0
9573,0.0
8312,0.0
18331,0.0
3728,0.0
3436,0.0
27865,0.0
27463,0.0
1889,0.0
5471,0.0
19111,0.0
9192,0.0
1904,0.0
10271,1.0
16879,0.0
6080,0.0
10069,0.0
26064,0.0
10890,0.0
11124,0.0
19518,0.0
2492,0.0
7132,0.0
15495,0.0
25087,0.0
27040,0.0
17860,0.0
29831,0.0
27579,0.0
27635,0.0
4530,0.0
3497,0.0
17921,0.0
29771,1.0
29793,0.0
23960,0.0
23188,0.0
16453,0.0
16587,0.0
15994,0.0
20034,0.0
24727,0.0
12789,0.0
4563,0.0
16345,0.0
23396,0.0
28764,0.0
28686,0.0
12798,0.0
3835,0.0
7679,0.0
16563,0.0
17810,0.0
7788,0.0
22854,0.0
19107,0.0
10981,0.0
25289,0.0
2499,0.0
25556,0.0
27847,0.0
672,0.0
4785,0.0
23567,0.0
24577,0.0
3735,0.0
19379,0.0
12354,1.0
27412,0.0
11943,0.0
21090,0.0
10413,0.0
29859,0.0
27684,1.0
10014,0.0
26159,0.0
16098,0.0
9855,0.0
5597,0.0
14643,0.0
24403,0.0
3775,0.0
86,0.0
10348,0.0
12838,0.0
12683,0.0
15185,1.0
18476,0.0
19446,0.0
3841,0.0
4995,0.0
906,0.0
20914,0.0
16655,0.0
16114,0.0
10163,0.0
6175,0.0
16645,0.0
14812,0.0
22075,0.0
22411,0.0
11192,0.0
18575,0.0
5971,0.0
27187,0.0
25959,0.0
18346,0.0
21626,0.0
22155,0.0
9621,0.0
1604,0.0
19104,0.0
1790,0.0
2289,0.0
25812,0.0
20197,0.0
29570,1.0
12479,0.0
20384,0.0
21775,0.0
10295,0.0
6337,0.0
13181,0.0
12179,0.0
20764,0.0
12625,0.0
3411,0.0
9346,0.0
14322,0.0
17059,0.0
10550,0.0
17045,0.0
11089,0.0
17105,0.0
24659,0.0
9544,0.0
16538,0.0
15177,0.0
499,0.0
22457,0.0
24746,0.0
24138,0.0
29693,0.0
19968,0.0
20011,0.0
26668,0.0
28739,0.0
27080,0.0
7042,0.0
9539,0.0
27987,0.0
5217,0.0
14438,0.0
3723,0.0
1331,0.0
22834,0.0
21921,0.0
27697,0.0
19551,0.0
26876,0.0
22220,0.0
26116,0.0
27473,0.0
28694,0.0
22058,0.0
28905,0.0
27371,0.0
9631,1.0
17494,0.0
21436,0.0
25214,0.0
4575,0.0
10361,1.0
29512,0.0
8212,0.0
134,0.0
20650,0.0
58,0.0
11014,0.0
25357,0.0
18344,0.0
11989,0.0
233,0.0
2547,0.0
1070,0.0
16852,0.0
23046,0.0
28297,0.0
12944,0.0
7852,0.0
13824,0.0
26169,0.0
25934,0.0
12834,0.0
8038,0.0
10522,0.0
5704,0.0
28995,0.0
17021,1.0
14128,0.0
1062,0.0
11881,0.0
28958,0.0
20796,0.0
29937,0.0
1075,0.0
23031,1.0
4680,1.0
15305,0.0
8194,0.0
29027,0.0
24172,0.0
7644,0.0
15082,0.0
24722,0.0
15221,0.0
11026,0.0
12668,0.0
20037,0.0
26057,0.0
12854,0.0
25736,0.0
29917,0.0
22233,0.0
28725,0.0
5405,0.0
14951,1.0
6778,0.0
2699,0.0
18480,0.0
20885,0.0
4243,0.0
27985,0.0
19603,0.0
15743,0.0
2251,0.0
28610,0.0
4461,0.0
19632,0.0
26198,0.0
22499,0.0
2719,0.0
10103,0.0
23708,0.0
24378,0.0
13403,0.0
13232,1.0
1997,0.0
9173,0.0
22084,0.0
1420,0.0
10449,0.0
7397,0.0
7752,0.0
4044,0.0
26997,1.0
27417,0.0
4365,0.0
5619,0.0
1051,1.0
6887,0.0
2229,0.0
27531,0.0
22598,0.0
23435,0.0
23650,0.0
9526,0.0
8482,0.0
19738,1.0
1897,0.0
13704,0.0
23024,1.0
6656,0.0
19320,0.0
14959,0.0
2645,0.0
17,0.0
4905,0.0
24888,0.0
26658,0.0
9806,0.0
2636,0.0
13414,0.0
17889,0.0
24422,0.0
29891,0.0
16340,1.0
3400,0.0
21376,0.0
16851,0.0
10505,0.0
27518,0.0
15036,0.0
27479,0.0
29685,0.0
4911,0.0
19213,1.0
508,0.0
3131,0.0
18598,0.0
6758,0.0
13425,0.0
9340,0.0
23043,0.0
855,0.0
26008,0.0
15912,0.0
10663,0.0
16524,0.0
12508,0.0
2855,1.0
4881,0.0
18218,0.0
778,0.0
6728,0.0
1629,1.0
19725,0.0
16413,0.0
17210,0.0
24002,0.0
17019,0.0
23415,0.0
